2,1,1.0
2,2,11.0
2,3,13.0
2,4,15.0
2,5,11.0
2,6,9.0
2,7,7.0
2,8,5.0
2,9,3.0
2,10,2.0
2,11,2.0
2,12,1.0
2,13,2.0
2,14,3.0
2,15,5.0
2,16,7.0
2,17,10.0
2,18,13.0
2,19,17.0
2,20,21.0
2,21,25.0
2,22,29.0
2,23,25.0
2,24,21.0
2,25,18.0
2,26,14.0
2,27,10.0
2,28,6.0
2,29,4.0
2,30,2.0
2,31,1.0
2,32,7.0
2,33,17.0
2,34,20.0
2,35,28.0
2,36,25.0
2,37,20.0
2,38,13.0
2,39,15.0
2,40,20.0
2,41,20.0
2,42,19.0
2,43,28.0
2,44,25.0
2,45,22.0
2,46,17.0
2,47,8.0
2,48,10.0
2,49,12.0
2,50,15.0
2,51,14.0
2,52,13.0
2,53,12.0
2,54,11.0
2,55,10.0
2,56,9.0
2,57,8.0
2,58,7.0
2,59,4.0
2,60,1.0
2,61,1.0
2,62,1.0
2,63,2.0
2,64,2.0
2,65,3.0
2,66,2.0
2,67,2.0
2,68,3.0
2,69,4.0
2,70,5.0
2,71,5.0
2,72,4.0
2,73,4.0
2,74,5.0
2,75,6.0
2,76,7.0
2,77,8.0
2,78,7.0
2,79,6.0
2,80,6.0
2,81,5.0
2,82,5.0
2,83,4.0
2,84,4.0
2,85,3.0
2,86,3.0
2,87,2.0
2,88,2.0
2,89,1.0
2,90,1.0
2,91,1.0
2,92,1.0
2,93,1.0
2,94,1.0
2,95,2.0
2,96,2.0
2,97,2.0
2,98,2.0
2,99,1.0
2,100,1.0
2,101,1.0
2,102,1.0
2,103,2.0
2,104,2.0
2,105,2.0
2,106,2.0
2,107,1.0
2,108,1.0
2,109,1.0
2,110,1.0
2,111,2.0
2,112,2.0
2,113,2.0
2,114,2.0
2,115,1.0
2,116,1.0
2,117,1.0
2,118,1.0
2,119,2.0
2,120,2.0
2,121,1.0
2,122,1.0
2,123,1.0
2,124,1.0
2,125,0.0
2,126,0.0
2,127,0.0
2,128,0.0
2,129,0.0
2,130,0.0
2,131,0.0
2,132,0.0
2,133,0.0
2,134,0.0
2,135,0.0
2,136,0.0
2,137,0.0
2,138,0.0
2,139,0.0
2,140,0.0
2,141,0.0
2,142,0.0
2,143,0.0
2,144,0.0
2,145,1.0
2,146,1.0
2,147,1.0
2,148,1.0
2,149,2.0
2,150,2.0
2,151,2.0
2,152,2.0
2,153,1.0
2,154,1.0
2,155,1.0
2,156,1.0
2,157,0.0
2,158,0.0
2,159,0.0
2,160,0.0
2,161,0.0
2,162,0.0
2,163,0.0
2,164,0.0
2,165,0.0
2,166,0.0
2,167,0.0
2,168,0.0
2,169,0.0
2,170,0.0
2,171,0.0
2,172,0.0
2,173,0.0
2,174,0.0
2,175,0.0
2,176,0.0
2,177,0.0
2,178,1.0
2,179,1.0
2,180,0.0
2,181,0.0
2,182,0.0
2,183,0.0
2,184,0.0
2,185,1.0
2,186,1.0
2,187,0.0
2,188,0.0
2,189,0.0
2,190,0.0
2,191,1.0
2,192,1.0
2,193,2.0
2,194,2.0
2,195,3.0
2,196,3.0
2,197,4.0
2,198,4.0
2,199,3.0
2,200,3.0
2,201,2.0
2,202,2.0
2,203,2.0
2,204,1.0
2,205,0.0
2,206,0.0
2,207,0.0
2,208,0.0
2,209,0.0
2,210,1.0
2,211,1.0
2,212,1.0
2,213,1.0
2,214,1.0
2,215,1.0
2,216,1.0
2,217,1.0
2,218,1.0
2,219,1.0
2,220,1.0
2,221,1.0
2,222,1.0
2,223,1.0
2,224,1.0
2,225,1.0
2,226,1.0
2,227,1.0
2,228,1.0
2,229,1.0
2,230,1.0
2,231,1.0
2,232,1.0
2,233,0.0
2,234,0.0
2,235,1.0
2,236,1.0
2,237,1.0
2,238,0.0
2,239,1.0
2,240,0.0
2,241,0.0
2,242,0.0
2,243,0.0
2,244,0.0
2,245,0.0
2,246,0.0
2,247,0.0
2,248,0.0
2,249,0.0
2,250,0.0
2,251,0.0
2,252,1.0
2,253,0.0
2,254,0.0
2,255,0.0
2,256,0.0
2,257,0.0
2,258,0.0
2,259,0.0
2,260,0.0
2,261,0.0
2,262,0.0
2,263,0.0
2,264,0.0
2,265,0.0
2,266,0.0
2,267,0.0
2,268,0.0
2,269,1.0
2,270,0.0
2,271,0.0
2,272,0.0
2,273,1.0
2,274,0.0
2,275,0.0
2,276,0.0
2,277,0.0
2,278,0.0
2,279,0.0
2,280,0.0
2,281,0.0
2,282,0.0
2,283,0.0
2,284,0.0
2,285,0.0
2,286,0.0
2,287,0.0
2,288,0.0
2,289,0.0
2,290,0.0
2,291,0.0
2,292,0.0
2,293,0.0
2,294,0.0
2,295,0.0
2,296,0.0
2,297,1.0
2,298,1.0
2,299,1.0
2,300,1.0
2,301,1.0
2,302,1.0
2,303,1.0
2,304,1.0
2,305,2.0
2,306,2.0
2,307,1.0
2,308,1.0
2,309,1.0
2,310,2.0
2,311,1.0
2,312,1.0
2,313,1.0
2,314,0.0
2,315,1.0
2,316,0.0
2,317,1.0
2,318,4.0
2,319,5.0
2,320,4.0
2,321,0.0
2,322,0.0
2,323,1.0
2,324,1.0
2,325,2.0
2,326,1.0
2,327,1.0
2,328,4.0
2,329,10.0
2,330,5.0
2,331,5.0
2,332,5.0
2,333,5.0
2,334,5.0
2,335,5.0
2,336,3.0
2,337,2.0
2,338,2.0
2,339,1.0
2,340,1.0
2,341,1.0
2,342,1.0
2,343,6.0
2,344,11.0
2,345,14.0
2,346,16.0
2,347,21.0
2,348,22.0
2,349,22.0
2,350,29.0
2,351,24.0
2,352,18.0
2,353,11.0
2,354,6.0
2,355,4.0
2,356,4.0
2,357,1.0
2,358,2.0
2,359,5.0
2,360,10.0
2,361,6.0
2,362,4.0
2,363,4.0
2,364,4.0
2,365,5.0
2,366,1.0
2,367,11.0
2,368,13.0
2,369,15.0
2,370,11.0
2,371,9.0
2,372,7.0
2,373,5.0
2,374,3.0
2,375,2.0
2,376,2.0
2,377,1.0
2,378,2.0
2,379,3.0
2,380,5.0
2,381,7.0
2,382,10.0
2,383,13.0
2,384,17.0
2,385,21.0
2,386,25.0
2,387,29.0
2,388,25.0
2,389,21.0
2,390,18.0
2,391,14.0
2,392,10.0
2,393,6.0
2,394,4.0
2,395,2.0
2,396,1.0
2,397,7.0
2,398,17.0
2,399,20.0
2,400,28.0
2,401,25.0
2,402,20.0
2,403,13.0
2,404,15.0
2,405,20.0
2,406,20.0
2,407,19.0
2,408,28.0
2,409,25.0
2,410,22.0
2,411,17.0
2,412,8.0
2,413,10.0
2,414,12.0
2,415,15.0
2,416,14.0
2,417,13.0
2,418,12.0
2,419,11.0
2,420,10.0
2,421,9.0
2,422,8.0
2,423,7.0
2,424,4.0
2,425,1.0
2,426,1.0
2,427,1.0
2,428,2.0
2,429,2.0
2,430,3.0
2,431,2.0
2,432,2.0
2,433,3.0
2,434,4.0
2,435,5.0
2,436,5.0
2,437,4.0
2,438,4.0
2,439,5.0
2,440,6.0
2,441,7.0
2,442,8.0
2,443,7.0
2,444,6.0
2,445,6.0
2,446,5.0
2,447,5.0
2,448,4.0
2,449,4.0
2,450,3.0
2,451,3.0
2,452,2.0
2,453,2.0
2,454,1.0
2,455,1.0
2,456,1.0
2,457,1.0
2,458,1.0
2,459,1.0
2,460,2.0
2,461,2.0
2,462,2.0
2,463,2.0
2,464,1.0
2,465,1.0
2,466,1.0
2,467,1.0
2,468,2.0
2,469,2.0
2,470,2.0
2,471,2.0
2,472,1.0
2,473,1.0
2,474,1.0
2,475,1.0
2,476,2.0
2,477,2.0
2,478,2.0
2,479,2.0
2,480,1.0
2,481,1.0
2,482,1.0
2,483,1.0
2,484,2.0
2,485,2.0
2,486,1.0
2,487,1.0
2,488,1.0
2,489,1.0
2,490,0.0
2,491,0.0
2,492,0.0
2,493,0.0
2,494,0.0
2,495,0.0
2,496,0.0
2,497,0.0
2,498,0.0
2,499,0.0
2,500,0.0
2,501,0.0
2,502,0.0
2,503,0.0
2,504,0.0
2,505,0.0
2,506,0.0
2,507,0.0
2,508,0.0
2,509,0.0
2,510,1.0
2,511,1.0
2,512,1.0
2,513,1.0
2,514,2.0
2,515,2.0
2,516,2.0
2,517,2.0
2,518,1.0
2,519,1.0
2,520,1.0
2,521,1.0
2,522,0.0
2,523,0.0
2,524,0.0
2,525,0.0
2,526,0.0
2,527,0.0
2,528,0.0
2,529,0.0
2,530,0.0
2,531,0.0
2,532,0.0
2,533,0.0
2,534,0.0
2,535,0.0
2,536,0.0
2,537,0.0
2,538,0.0
2,539,0.0
2,540,0.0
2,541,0.0
2,542,0.0
2,543,1.0
2,544,1.0
2,545,0.0
2,546,0.0
2,547,0.0
2,548,0.0
2,549,0.0
2,550,1.0
2,551,1.0
2,552,0.0
2,553,0.0
2,554,0.0
2,555,0.0
2,556,1.0
2,557,1.0
2,558,2.0
2,559,2.0
2,560,3.0
2,561,3.0
2,562,4.0
2,563,4.0
2,564,3.0
2,565,3.0
2,566,2.0
2,567,2.0
2,568,2.0
2,569,1.0
2,570,0.0
2,571,0.0
2,572,0.0
2,573,0.0
2,574,0.0
2,575,1.0
2,576,1.0
2,577,1.0
2,578,1.0
2,579,1.0
2,580,1.0
2,581,1.0
2,582,1.0
2,583,1.0
2,584,1.0
2,585,1.0
2,586,1.0
2,587,1.0
2,588,1.0
2,589,1.0
2,590,1.0
2,591,1.0
2,592,1.0
2,593,1.0
2,594,1.0
2,595,1.0
2,596,1.0
2,597,1.0
2,598,0.0
2,599,0.0
2,600,1.0
2,601,1.0
2,602,1.0
2,603,0.0
2,604,1.0
2,605,0.0
2,606,0.0
2,607,0.0
2,608,0.0
2,609,0.0
2,610,0.0
2,611,0.0
2,612,0.0
2,613,0.0
2,614,0.0
2,615,0.0
2,616,0.0
2,617,1.0
2,618,0.0
2,619,0.0
2,620,0.0
2,621,0.0
2,622,0.0
2,623,0.0
2,624,0.0
2,625,0.0
2,626,0.0
2,627,0.0
2,628,0.0
2,629,0.0
2,630,0.0
2,631,0.0
2,632,0.0
2,633,0.0
2,634,1.0
2,635,0.0
2,636,0.0
2,637,0.0
2,638,1.0
2,639,0.0
2,640,0.0
2,641,0.0
2,642,0.0
2,643,0.0
2,644,0.0
2,645,0.0
2,646,0.0
2,647,0.0
2,648,0.0
2,649,0.0
2,650,0.0
2,651,0.0
2,652,0.0
2,653,0.0
2,654,0.0
2,655,0.0
2,656,0.0
2,657,0.0
2,658,0.0
2,659,0.0
2,660,0.0
2,661,0.0
2,662,1.0
2,663,1.0
2,664,1.0
2,665,1.0
2,666,1.0
2,667,1.0
2,668,1.0
2,669,1.0
2,670,2.0
2,671,2.0
2,672,1.0
2,673,1.0
2,674,1.0
2,675,2.0
2,676,1.0
2,677,1.0
2,678,1.0
2,679,0.0
2,680,1.0
2,681,0.0
2,682,1.0
2,683,4.0
2,684,5.0
2,685,4.0
2,686,0.0
2,687,0.0
2,688,1.0
2,689,1.0
2,690,2.0
2,691,1.0
2,692,1.0
2,693,4.0
2,694,10.0
2,695,5.0
2,696,5.0
2,697,5.0
2,698,5.0
2,699,5.0
2,700,5.0
2,701,3.0
2,702,2.0
2,703,2.0
2,704,1.0
2,705,1.0
2,706,1.0
2,707,1.0
2,708,6.0
2,709,11.0
2,710,14.0
2,711,16.0
2,712,21.0
2,713,22.0
2,714,22.0
2,715,29.0
2,716,24.0
2,717,18.0
2,718,11.0
2,719,6.0
2,720,4.0
2,721,4.0
2,722,1.0
2,723,2.0
2,724,5.0
2,725,10.0
2,726,6.0
2,727,4.0
2,728,4.0
2,729,4.0
2,730,5.0
2,731,1.0
2,732,11.0
2,733,13.0
2,734,15.0
2,735,11.0
2,736,9.0
2,737,7.0
2,738,5.0
2,739,3.0
2,740,2.0
2,741,2.0
2,742,1.0
2,743,2.0
2,744,3.0
2,745,5.0
2,746,7.0
2,747,10.0
2,748,13.0
2,749,17.0
2,750,21.0
2,751,25.0
2,752,29.0
2,753,25.0
2,754,21.0
2,755,18.0
2,756,14.0
2,757,10.0
2,758,6.0
2,759,4.0
2,760,2.0
2,761,1.0
2,762,7.0
2,763,17.0
2,764,20.0
2,765,28.0
2,766,25.0
2,767,20.0
2,768,13.0
2,769,15.0
2,770,20.0
2,771,20.0
2,772,19.0
2,773,28.0
2,774,25.0
2,775,22.0
2,776,17.0
2,777,8.0
2,778,10.0
2,779,12.0
2,780,15.0
2,781,14.0
2,782,13.0
2,783,12.0
2,784,11.0
2,785,10.0
2,786,9.0
2,787,8.0
2,788,7.0
2,789,4.0
2,790,1.0
2,791,1.0
2,792,1.0
2,793,2.0
2,794,2.0
2,795,3.0
2,796,2.0
2,797,2.0
2,798,3.0
2,799,4.0
2,800,5.0
2,801,5.0
2,802,4.0
2,803,4.0
2,804,5.0
2,805,6.0
2,806,7.0
2,807,8.0
2,808,7.0
2,809,6.0
2,810,6.0
2,811,5.0
2,812,5.0
2,813,4.0
2,814,4.0
2,815,3.0
2,816,3.0
2,817,2.0
2,818,2.0
2,819,1.0
2,820,1.0
2,821,1.0
2,822,1.0
2,823,1.0
2,824,1.0
2,825,2.0
2,826,2.0
2,827,2.0
2,828,2.0
2,829,1.0
2,830,1.0
2,831,1.0
2,832,1.0
2,833,2.0
2,834,2.0
2,835,2.0
2,836,2.0
2,837,1.0
2,838,1.0
2,839,1.0
2,840,1.0
2,841,2.0
2,842,2.0
2,843,2.0
2,844,2.0
2,845,1.0
2,846,1.0
2,847,1.0
2,848,1.0
2,849,2.0
2,850,2.0
2,851,1.0
2,852,1.0
2,853,1.0
2,854,1.0
2,855,0.0
2,856,0.0
2,857,0.0
2,858,0.0
2,859,0.0
2,860,0.0
2,861,0.0
2,862,0.0
2,863,0.0
2,864,0.0
2,865,0.0
2,866,0.0
2,867,0.0
2,868,0.0
2,869,0.0
2,870,0.0
2,871,0.0
2,872,0.0
2,873,0.0
2,874,0.0
2,875,1.0
2,876,1.0
2,877,1.0
2,878,1.0
2,879,2.0
2,880,2.0
2,881,2.0
2,882,2.0
2,883,1.0
2,884,1.0
2,885,1.0
2,886,1.0
2,887,0.0
2,888,0.0
2,889,0.0
2,890,0.0
2,891,0.0
2,892,0.0
2,893,0.0
2,894,0.0
2,895,0.0
2,896,0.0
2,897,0.0
2,898,0.0
2,899,0.0
2,900,0.0
2,901,0.0
2,902,0.0
2,903,0.0
2,904,0.0
2,905,0.0
2,906,0.0
2,907,0.0
2,908,1.0
2,909,1.0
2,910,0.0
2,911,0.0
2,912,0.0
2,913,0.0
2,914,0.0
2,915,1.0
2,916,1.0
2,917,0.0
2,918,0.0
2,919,0.0
2,920,0.0
2,921,1.0
2,922,1.0
2,923,2.0
2,924,2.0
2,925,3.0
2,926,3.0
2,927,4.0
2,928,4.0
2,929,3.0
2,930,3.0
2,931,2.0
2,932,2.0
2,933,2.0
2,934,1.0
2,935,0.0
2,936,0.0
2,937,0.0
2,938,0.0
2,939,0.0
2,940,1.0
2,941,1.0
2,942,1.0
2,943,1.0
2,944,1.0
2,945,1.0
2,946,1.0
2,947,1.0
2,948,1.0
2,949,1.0
2,950,1.0
2,951,1.0
2,952,1.0
2,953,1.0
2,954,1.0
2,955,1.0
2,956,1.0
2,957,1.0
2,958,1.0
2,959,1.0
2,960,1.0
2,961,1.0
2,962,1.0
2,963,0.0
2,964,0.0
2,965,1.0
2,966,1.0
2,967,1.0
2,968,0.0
2,969,1.0
2,970,0.0
2,971,0.0
2,972,0.0
2,973,0.0
2,974,0.0
2,975,0.0
2,976,0.0
2,977,0.0
2,978,0.0
2,979,0.0
2,980,0.0
2,981,0.0
2,982,1.0
2,983,0.0
2,984,0.0
2,985,0.0
2,986,0.0
2,987,0.0
2,988,0.0
2,989,0.0
2,990,0.0
2,991,0.0
2,992,0.0
2,993,0.0
2,994,0.0
2,995,0.0
2,996,0.0
2,997,0.0
2,998,0.0
2,999,1.0
2,1000,0.0
2,1001,0.0
2,1002,0.0
2,1003,1.0
2,1004,0.0
2,1005,0.0
2,1006,0.0
2,1007,0.0
2,1008,0.0
2,1009,0.0
2,1010,0.0
2,1011,0.0
2,1012,0.0
2,1013,0.0
2,1014,0.0
2,1015,0.0
2,1016,0.0
2,1017,0.0
2,1018,0.0
2,1019,0.0
2,1020,0.0
2,1021,0.0
2,1022,0.0
2,1023,0.0
2,1024,0.0
2,1025,0.0
2,1026,0.0
2,1027,1.0
2,1028,1.0
2,1029,1.0
2,1030,1.0
2,1031,1.0
2,1032,1.0
2,1033,1.0
2,1034,1.0
2,1035,2.0
2,1036,2.0
2,1037,1.0
2,1038,1.0
2,1039,1.0
2,1040,2.0
2,1041,1.0
2,1042,1.0
2,1043,1.0
2,1044,0.0
2,1045,1.0
2,1046,0.0
2,1047,1.0
2,1048,4.0
2,1049,5.0
2,1050,4.0
2,1051,0.0
2,1052,0.0
2,1053,1.0
2,1054,1.0
2,1055,2.0
2,1056,1.0
2,1057,1.0
2,1058,4.0
2,1059,10.0
2,1060,5.0
2,1061,5.0
2,1062,5.0
2,1063,5.0
2,1064,5.0
2,1065,5.0
2,1066,3.0
2,1067,2.0
2,1068,2.0
2,1069,1.0
2,1070,1.0
2,1071,1.0
2,1072,1.0
2,1073,6.0
2,1074,11.0
2,1075,14.0
2,1076,16.0
2,1077,21.0
2,1078,22.0
2,1079,22.0
2,1080,29.0
2,1081,24.0
2,1082,18.0
2,1083,11.0
2,1084,6.0
2,1085,4.0
2,1086,4.0
2,1087,1.0
2,1088,2.0
2,1089,5.0
2,1090,10.0
2,1091,6.0
2,1092,4.0
2,1093,4.0
2,1094,4.0
2,1095,5.0
2,1096,1.0
2,1097,11.0
2,1098,13.0
2,1099,15.0
2,1100,11.0
2,1101,9.0
2,1102,7.0
2,1103,5.0
2,1104,3.0
2,1105,2.0
2,1106,2.0
2,1107,1.0
2,1108,2.0
2,1109,3.0
2,1110,5.0
2,1111,7.0
2,1112,10.0
2,1113,13.0
2,1114,17.0
2,1115,21.0
2,1116,25.0
2,1117,29.0
2,1118,25.0
2,1119,21.0
2,1120,18.0
2,1121,14.0
2,1122,10.0
2,1123,6.0
2,1124,4.0
2,1125,2.0
2,1126,1.0
2,1127,7.0
2,1128,17.0
2,1129,20.0
2,1130,28.0
2,1131,25.0
2,1132,20.0
2,1133,13.0
2,1134,15.0
2,1135,20.0
2,1136,20.0
2,1137,19.0
2,1138,28.0
2,1139,25.0
2,1140,22.0
2,1141,17.0
2,1142,8.0
2,1143,10.0
2,1144,12.0
2,1145,15.0
2,1146,14.0
2,1147,13.0
2,1148,12.0
2,1149,11.0
2,1150,10.0
2,1151,9.0
2,1152,8.0
2,1153,7.0
2,1154,4.0
2,1155,1.0
2,1156,1.0
2,1157,1.0
2,1158,2.0
2,1159,2.0
2,1160,3.0
2,1161,2.0
2,1162,2.0
2,1163,3.0
2,1164,4.0
2,1165,5.0
2,1166,5.0
2,1167,4.0
2,1168,4.0
2,1169,5.0
2,1170,6.0
2,1171,7.0
2,1172,8.0
2,1173,7.0
2,1174,6.0
2,1175,6.0
2,1176,5.0
2,1177,5.0
2,1178,4.0
2,1179,4.0
2,1180,3.0
2,1181,3.0
2,1182,2.0
2,1183,2.0
2,1184,1.0
2,1185,1.0
2,1186,1.0
2,1187,1.0
2,1188,1.0
2,1189,1.0
2,1190,2.0
2,1191,2.0
2,1192,2.0
2,1193,2.0
2,1194,1.0
2,1195,1.0
2,1196,1.0
2,1197,1.0
2,1198,2.0
2,1199,2.0
2,1200,2.0
2,1201,2.0
2,1202,1.0
2,1203,1.0
2,1204,1.0
2,1205,1.0
2,1206,2.0
2,1207,2.0
2,1208,2.0
2,1209,2.0
2,1210,1.0
2,1211,1.0
2,1212,1.0
2,1213,1.0
2,1214,2.0
2,1215,2.0
2,1216,1.0
2,1217,1.0
2,1218,1.0
2,1219,1.0
2,1220,0.0
2,1221,0.0
2,1222,0.0
2,1223,0.0
2,1224,0.0
2,1225,0.0
2,1226,0.0
2,1227,0.0
2,1228,0.0
2,1229,0.0
2,1230,0.0
2,1231,0.0
2,1232,0.0
2,1233,0.0
2,1234,0.0
2,1235,0.0
2,1236,0.0
2,1237,0.0
2,1238,0.0
2,1239,0.0
2,1240,1.0
2,1241,1.0
2,1242,1.0
2,1243,1.0
2,1244,2.0
2,1245,2.0
2,1246,2.0
2,1247,2.0
2,1248,1.0
2,1249,1.0
2,1250,1.0
2,1251,1.0
2,1252,0.0
2,1253,0.0
2,1254,0.0
2,1255,0.0
2,1256,0.0
2,1257,0.0
2,1258,0.0
2,1259,0.0
2,1260,0.0
2,1261,0.0
2,1262,0.0
2,1263,0.0
2,1264,0.0
2,1265,0.0
2,1266,0.0
2,1267,0.0
2,1268,0.0
2,1269,0.0
2,1270,0.0
2,1271,0.0
2,1272,0.0
2,1273,1.0
2,1274,1.0
2,1275,0.0
2,1276,0.0
2,1277,0.0
2,1278,0.0
2,1279,0.0
2,1280,1.0
2,1281,1.0
2,1282,0.0
2,1283,0.0
2,1284,0.0
2,1285,0.0
2,1286,1.0
2,1287,1.0
2,1288,2.0
2,1289,2.0
2,1290,3.0
2,1291,3.0
2,1292,4.0
2,1293,4.0
2,1294,3.0
2,1295,3.0
2,1296,2.0
2,1297,2.0
2,1298,2.0
2,1299,1.0
2,1300,0.0
2,1301,0.0
2,1302,0.0
2,1303,0.0
2,1304,0.0
2,1305,1.0
2,1306,1.0
2,1307,1.0
2,1308,1.0
2,1309,1.0
2,1310,1.0
2,1311,1.0
2,1312,1.0
2,1313,1.0
2,1314,1.0
2,1315,1.0
2,1316,1.0
2,1317,1.0
2,1318,1.0
2,1319,1.0
2,1320,1.0
2,1321,1.0
2,1322,1.0
2,1323,1.0
2,1324,1.0
2,1325,1.0
2,1326,1.0
2,1327,1.0
2,1328,0.0
2,1329,0.0
2,1330,1.0
2,1331,1.0
2,1332,1.0
2,1333,0.0
2,1334,1.0
2,1335,0.0
2,1336,0.0
2,1337,0.0
2,1338,0.0
2,1339,0.0
2,1340,0.0
2,1341,0.0
2,1342,0.0
2,1343,0.0
2,1344,0.0
2,1345,0.0
2,1346,0.0
2,1347,1.0
2,1348,0.0
2,1349,0.0
2,1350,0.0
2,1351,0.0
2,1352,0.0
2,1353,0.0
2,1354,0.0
2,1355,0.0
2,1356,0.0
2,1357,0.0
2,1358,0.0
2,1359,0.0
2,1360,0.0
2,1361,0.0
2,1362,0.0
2,1363,0.0
2,1364,1.0
2,1365,0.0
2,1366,0.0
2,1367,0.0
2,1368,1.0
2,1369,0.0
2,1370,0.0
2,1371,0.0
2,1372,0.0
2,1373,0.0
2,1374,0.0
2,1375,0.0
2,1376,0.0
2,1377,0.0
2,1378,0.0
2,1379,0.0
2,1380,0.0
2,1381,0.0
2,1382,0.0
2,1383,0.0
2,1384,0.0
2,1385,0.0
2,1386,0.0
2,1387,0.0
2,1388,0.0
2,1389,0.0
2,1390,0.0
2,1391,0.0
2,1392,1.0
2,1393,1.0
2,1394,1.0
2,1395,1.0
2,1396,1.0
2,1397,1.0
2,1398,1.0
2,1399,1.0
2,1400,2.0
2,1401,2.0
2,1402,1.0
2,1403,1.0
2,1404,1.0
2,1405,2.0
2,1406,1.0
2,1407,1.0
2,1408,1.0
2,1409,0.0
2,1410,1.0
2,1411,0.0
2,1412,1.0
2,1413,4.0
2,1414,5.0
2,1415,4.0
2,1416,0.0
2,1417,0.0
2,1418,1.0
2,1419,1.0
2,1420,2.0
2,1421,1.0
2,1422,1.0
2,1423,4.0
2,1424,10.0
2,1425,5.0
2,1426,5.0
2,1427,5.0
2,1428,5.0
2,1429,5.0
2,1430,5.0
2,1431,3.0
2,1432,2.0
2,1433,2.0
2,1434,1.0
2,1435,1.0
2,1436,1.0
2,1437,1.0
2,1438,6.0
2,1439,11.0
2,1440,14.0
2,1441,16.0
2,1442,21.0
2,1443,22.0
2,1444,22.0
2,1445,29.0
2,1446,24.0
2,1447,18.0
2,1448,11.0
2,1449,6.0
2,1450,4.0
2,1451,4.0
2,1452,1.0
2,1453,2.0
2,1454,5.0
2,1455,10.0
2,1456,6.0
2,1457,4.0
2,1458,4.0
2,1459,4.0
2,1460,5.0
2,1461,5.0
9,1,0.0
9,2,0.0
9,3,0.0
9,4,0.0
9,5,0.0
9,6,0.0
9,7,0.0
9,8,0.0
9,9,0.0
9,10,0.0
9,11,0.0
9,12,0.0
9,13,0.0
9,14,0.0
9,15,0.0
9,16,0.0
9,17,0.0
9,18,0.0
9,19,0.0
9,20,0.0
9,21,0.0
9,22,0.0
9,23,0.0
9,24,0.0
9,25,0.0
9,26,0.0
9,27,0.0
9,28,0.0
9,29,0.0
9,30,0.0
9,31,0.0
9,32,0.0
9,33,0.0
9,34,0.0
9,35,0.0
9,36,0.0
9,37,0.0
9,38,0.0
9,39,0.0
9,40,0.0
9,41,0.0
9,42,0.0
9,43,0.0
9,44,0.0
9,45,0.0
9,46,0.0
9,47,0.0
9,48,0.0
9,49,0.0
9,50,0.0
9,51,0.0
9,52,0.0
9,53,0.0
9,54,0.0
9,55,0.0
9,56,0.0
9,57,0.0
9,58,0.0
9,59,0.0
9,60,0.0
9,61,0.0
9,62,0.0
9,63,0.0
9,64,0.0
9,65,0.0
9,66,0.0
9,67,0.0
9,68,0.0
9,69,0.0
9,70,0.0
9,71,0.0
9,72,0.0
9,73,0.0
9,74,0.0
9,75,0.0
9,76,0.0
9,77,0.0
9,78,0.0
9,79,0.0
9,80,0.0
9,81,0.0
9,82,0.0
9,83,0.0
9,84,0.0
9,85,0.0
9,86,0.0
9,87,0.0
9,88,0.0
9,89,0.0
9,90,0.0
9,91,0.0
9,92,0.0
9,93,0.0
9,94,0.0
9,95,0.0
9,96,0.0
9,97,0.0
9,98,0.0
9,99,0.0
9,100,0.0
9,101,0.0
9,102,0.0
9,103,0.0
9,104,0.0
9,105,0.0
9,106,0.0
9,107,0.0
9,108,0.0
9,109,0.0
9,110,0.0
9,111,0.0
9,112,0.0
9,113,0.0
9,114,0.0
9,115,0.0
9,116,0.0
9,117,0.0
9,118,0.0
9,119,0.0
9,120,0.0
9,121,0.0
9,122,0.0
9,123,0.0
9,124,0.0
9,125,0.0
9,126,0.0
9,127,0.0
9,128,0.0
9,129,0.0
9,130,0.0
9,131,0.0
9,132,0.0
9,133,0.0
9,134,0.0
9,135,0.0
9,136,0.0
9,137,0.0
9,138,0.0
9,139,0.0
9,140,0.0
9,141,0.0
9,142,0.0
9,143,0.0
9,144,0.0
9,145,0.0
9,146,0.0
9,147,0.0
9,148,0.0
9,149,0.0
9,150,0.0
9,151,0.0
9,152,0.0
9,153,0.0
9,154,0.0
9,155,0.0
9,156,0.0
9,157,0.0
9,158,0.0
9,159,0.0
9,160,0.0
9,161,0.0
9,162,0.0
9,163,0.0
9,164,0.0
9,165,0.0
9,166,0.0
9,167,0.0
9,168,0.0
9,169,0.0
9,170,0.0
9,171,0.0
9,172,0.0
9,173,0.0
9,174,0.0
9,175,0.0
9,176,0.0
9,177,0.0
9,178,0.0
9,179,0.0
9,180,0.0
9,181,0.0
9,182,0.0
9,183,0.0
9,184,0.0
9,185,0.0
9,186,0.0
9,187,0.0
9,188,0.0
9,189,0.0
9,190,0.0
9,191,0.0
9,192,0.0
9,193,0.0
9,194,0.0
9,195,0.0
9,196,0.0
9,197,0.0
9,198,0.0
9,199,0.0
9,200,0.0
9,201,0.0
9,202,0.0
9,203,0.0
9,204,0.0
9,205,0.0
9,206,0.0
9,207,0.0
9,208,0.0
9,209,0.0
9,210,0.0
9,211,0.0
9,212,0.0
9,213,0.0
9,214,0.0
9,215,0.0
9,216,0.0
9,217,0.0
9,218,0.0
9,219,0.0
9,220,0.0
9,221,0.0
9,222,0.0
9,223,0.0
9,224,0.0
9,225,0.0
9,226,0.0
9,227,0.0
9,228,0.0
9,229,0.0
9,230,0.0
9,231,0.0
9,232,0.0
9,233,0.0
9,234,0.0
9,235,0.0
9,236,0.0
9,237,0.0
9,238,0.0
9,239,0.0
9,240,0.0
9,241,0.0
9,242,0.0
9,243,0.0
9,244,0.0
9,245,0.0
9,246,0.0
9,247,0.0
9,248,0.0
9,249,0.0
9,250,0.0
9,251,0.0
9,252,0.0
9,253,0.0
9,254,0.0
9,255,0.0
9,256,0.0
9,257,0.0
9,258,0.0
9,259,0.0
9,260,0.0
9,261,0.0
9,262,0.0
9,263,0.0
9,264,0.0
9,265,0.0
9,266,0.0
9,267,0.0
9,268,0.0
9,269,0.0
9,270,0.0
9,271,0.0
9,272,0.0
9,273,0.0
9,274,0.0
9,275,0.0
9,276,0.0
9,277,0.0
9,278,0.0
9,279,0.0
9,280,0.0
9,281,0.0
9,282,0.0
9,283,0.0
9,284,0.0
9,285,0.0
9,286,0.0
9,287,0.0
9,288,0.0
9,289,0.0
9,290,0.0
9,291,0.0
9,292,0.0
9,293,0.0
9,294,0.0
9,295,0.0
9,296,0.0
9,297,0.0
9,298,0.0
9,299,0.0
9,300,0.0
9,301,0.0
9,302,0.0
9,303,0.0
9,304,0.0
9,305,0.0
9,306,0.0
9,307,0.0
9,308,0.0
9,309,0.0
9,310,0.0
9,311,0.0
9,312,0.0
9,313,0.0
9,314,0.0
9,315,0.0
9,316,0.0
9,317,0.0
9,318,0.0
9,319,0.0
9,320,0.0
9,321,0.0
9,322,0.0
9,323,0.0
9,324,0.0
9,325,0.0
9,326,0.0
9,327,0.0
9,328,0.0
9,329,0.0
9,330,0.0
9,331,0.0
9,332,0.0
9,333,0.0
9,334,0.0
9,335,0.0
9,336,0.0
9,337,0.0
9,338,0.0
9,339,0.0
9,340,0.0
9,341,0.0
9,342,0.0
9,343,0.0
9,344,0.0
9,345,0.0
9,346,0.0
9,347,0.0
9,348,0.0
9,349,0.0
9,350,0.0
9,351,0.0
9,352,0.0
9,353,0.0
9,354,0.0
9,355,0.0
9,356,0.0
9,357,0.0
9,358,0.0
9,359,0.0
9,360,0.0
9,361,0.0
9,362,0.0
9,363,0.0
9,364,0.0
9,365,0.0
9,366,0.0
9,367,0.0
9,368,0.0
9,369,0.0
9,370,0.0
9,371,0.0
9,372,0.0
9,373,0.0
9,374,0.0
9,375,0.0
9,376,0.0
9,377,0.0
9,378,0.0
9,379,0.0
9,380,0.0
9,381,0.0
9,382,0.0
9,383,0.0
9,384,0.0
9,385,0.0
9,386,0.0
9,387,0.0
9,388,0.0
9,389,0.0
9,390,0.0
9,391,0.0
9,392,0.0
9,393,0.0
9,394,0.0
9,395,0.0
9,396,0.0
9,397,0.0
9,398,0.0
9,399,0.0
9,400,0.0
9,401,0.0
9,402,0.0
9,403,0.0
9,404,0.0
9,405,0.0
9,406,0.0
9,407,0.0
9,408,0.0
9,409,0.0
9,410,0.0
9,411,0.0
9,412,0.0
9,413,0.0
9,414,0.0
9,415,0.0
9,416,0.0
9,417,0.0
9,418,0.0
9,419,0.0
9,420,0.0
9,421,0.0
9,422,0.0
9,423,0.0
9,424,0.0
9,425,0.0
9,426,0.0
9,427,0.0
9,428,0.0
9,429,0.0
9,430,0.0
9,431,0.0
9,432,0.0
9,433,0.0
9,434,0.0
9,435,0.0
9,436,0.0
9,437,0.0
9,438,0.0
9,439,0.0
9,440,0.0
9,441,0.0
9,442,0.0
9,443,0.0
9,444,0.0
9,445,0.0
9,446,0.0
9,447,0.0
9,448,0.0
9,449,0.0
9,450,0.0
9,451,0.0
9,452,0.0
9,453,0.0
9,454,0.0
9,455,0.0
9,456,0.0
9,457,0.0
9,458,0.0
9,459,0.0
9,460,0.0
9,461,0.0
9,462,0.0
9,463,0.0
9,464,0.0
9,465,0.0
9,466,0.0
9,467,0.0
9,468,0.0
9,469,0.0
9,470,0.0
9,471,0.0
9,472,0.0
9,473,0.0
9,474,0.0
9,475,0.0
9,476,0.0
9,477,0.0
9,478,0.0
9,479,0.0
9,480,0.0
9,481,0.0
9,482,0.0
9,483,0.0
9,484,0.0
9,485,0.0
9,486,0.0
9,487,0.0
9,488,0.0
9,489,0.0
9,490,0.0
9,491,0.0
9,492,0.0
9,493,0.0
9,494,0.0
9,495,0.0
9,496,0.0
9,497,0.0
9,498,0.0
9,499,0.0
9,500,0.0
9,501,0.0
9,502,0.0
9,503,0.0
9,504,0.0
9,505,0.0
9,506,0.0
9,507,0.0
9,508,0.0
9,509,0.0
9,510,0.0
9,511,0.0
9,512,0.0
9,513,0.0
9,514,0.0
9,515,0.0
9,516,0.0
9,517,0.0
9,518,0.0
9,519,0.0
9,520,0.0
9,521,0.0
9,522,0.0
9,523,0.0
9,524,0.0
9,525,0.0
9,526,0.0
9,527,0.0
9,528,0.0
9,529,0.0
9,530,0.0
9,531,0.0
9,532,0.0
9,533,0.0
9,534,0.0
9,535,0.0
9,536,0.0
9,537,0.0
9,538,0.0
9,539,0.0
9,540,0.0
9,541,0.0
9,542,0.0
9,543,0.0
9,544,0.0
9,545,0.0
9,546,0.0
9,547,0.0
9,548,0.0
9,549,0.0
9,550,0.0
9,551,0.0
9,552,0.0
9,553,0.0
9,554,0.0
9,555,0.0
9,556,0.0
9,557,0.0
9,558,0.0
9,559,0.0
9,560,0.0
9,561,0.0
9,562,0.0
9,563,0.0
9,564,0.0
9,565,0.0
9,566,0.0
9,567,0.0
9,568,0.0
9,569,0.0
9,570,0.0
9,571,0.0
9,572,0.0
9,573,0.0
9,574,0.0
9,575,0.0
9,576,0.0
9,577,0.0
9,578,0.0
9,579,0.0
9,580,0.0
9,581,0.0
9,582,0.0
9,583,0.0
9,584,0.0
9,585,0.0
9,586,0.0
9,587,0.0
9,588,0.0
9,589,0.0
9,590,0.0
9,591,0.0
9,592,0.0
9,593,0.0
9,594,0.0
9,595,0.0
9,596,0.0
9,597,0.0
9,598,0.0
9,599,0.0
9,600,0.0
9,601,0.0
9,602,0.0
9,603,0.0
9,604,0.0
9,605,0.0
9,606,0.0
9,607,0.0
9,608,0.0
9,609,0.0
9,610,0.0
9,611,0.0
9,612,0.0
9,613,0.0
9,614,0.0
9,615,0.0
9,616,0.0
9,617,0.0
9,618,0.0
9,619,0.0
9,620,0.0
9,621,0.0
9,622,0.0
9,623,0.0
9,624,0.0
9,625,0.0
9,626,0.0
9,627,0.0
9,628,0.0
9,629,0.0
9,630,0.0
9,631,0.0
9,632,0.0
9,633,0.0
9,634,0.0
9,635,0.0
9,636,0.0
9,637,0.0
9,638,0.0
9,639,0.0
9,640,0.0
9,641,0.0
9,642,0.0
9,643,0.0
9,644,0.0
9,645,0.0
9,646,0.0
9,647,0.0
9,648,0.0
9,649,0.0
9,650,0.0
9,651,0.0
9,652,0.0
9,653,0.0
9,654,0.0
9,655,0.0
9,656,0.0
9,657,0.0
9,658,0.0
9,659,0.0
9,660,0.0
9,661,0.0
9,662,0.0
9,663,0.0
9,664,0.0
9,665,0.0
9,666,0.0
9,667,0.0
9,668,0.0
9,669,0.0
9,670,0.0
9,671,0.0
9,672,0.0
9,673,0.0
9,674,0.0
9,675,0.0
9,676,0.0
9,677,0.0
9,678,0.0
9,679,0.0
9,680,0.0
9,681,0.0
9,682,0.0
9,683,0.0
9,684,0.0
9,685,0.0
9,686,0.0
9,687,0.0
9,688,0.0
9,689,0.0
9,690,0.0
9,691,0.0
9,692,0.0
9,693,0.0
9,694,0.0
9,695,0.0
9,696,0.0
9,697,0.0
9,698,0.0
9,699,0.0
9,700,0.0
9,701,0.0
9,702,0.0
9,703,0.0
9,704,0.0
9,705,0.0
9,706,0.0
9,707,0.0
9,708,0.0
9,709,0.0
9,710,0.0
9,711,0.0
9,712,0.0
9,713,0.0
9,714,0.0
9,715,0.0
9,716,0.0
9,717,0.0
9,718,0.0
9,719,0.0
9,720,0.0
9,721,0.0
9,722,0.0
9,723,0.0
9,724,0.0
9,725,0.0
9,726,0.0
9,727,0.0
9,728,0.0
9,729,0.0
9,730,0.0
9,731,0.0
9,732,0.0
9,733,0.0
9,734,0.0
9,735,0.0
9,736,0.0
9,737,0.0
9,738,0.0
9,739,0.0
9,740,0.0
9,741,0.0
9,742,0.0
9,743,0.0
9,744,0.0
9,745,0.0
9,746,0.0
9,747,0.0
9,748,0.0
9,749,0.0
9,750,0.0
9,751,0.0
9,752,0.0
9,753,0.0
9,754,0.0
9,755,0.0
9,756,0.0
9,757,0.0
9,758,0.0
9,759,0.0
9,760,0.0
9,761,0.0
9,762,0.0
9,763,0.0
9,764,0.0
9,765,0.0
9,766,0.0
9,767,0.0
9,768,0.0
9,769,0.0
9,770,0.0
9,771,0.0
9,772,0.0
9,773,0.0
9,774,0.0
9,775,0.0
9,776,0.0
9,777,0.0
9,778,0.0
9,779,0.0
9,780,0.0
9,781,0.0
9,782,0.0
9,783,0.0
9,784,0.0
9,785,0.0
9,786,0.0
9,787,0.0
9,788,0.0
9,789,0.0
9,790,0.0
9,791,0.0
9,792,0.0
9,793,0.0
9,794,0.0
9,795,0.0
9,796,0.0
9,797,0.0
9,798,0.0
9,799,0.0
9,800,0.0
9,801,0.0
9,802,0.0
9,803,0.0
9,804,0.0
9,805,0.0
9,806,0.0
9,807,0.0
9,808,0.0
9,809,0.0
9,810,0.0
9,811,0.0
9,812,0.0
9,813,0.0
9,814,0.0
9,815,0.0
9,816,0.0
9,817,0.0
9,818,0.0
9,819,0.0
9,820,0.0
9,821,0.0
9,822,0.0
9,823,0.0
9,824,0.0
9,825,0.0
9,826,0.0
9,827,0.0
9,828,0.0
9,829,0.0
9,830,0.0
9,831,0.0
9,832,0.0
9,833,0.0
9,834,0.0
9,835,0.0
9,836,0.0
9,837,0.0
9,838,0.0
9,839,0.0
9,840,0.0
9,841,0.0
9,842,0.0
9,843,0.0
9,844,0.0
9,845,0.0
9,846,0.0
9,847,0.0
9,848,0.0
9,849,0.0
9,850,0.0
9,851,0.0
9,852,0.0
9,853,0.0
9,854,0.0
9,855,0.0
9,856,0.0
9,857,0.0
9,858,0.0
9,859,0.0
9,860,0.0
9,861,0.0
9,862,0.0
9,863,0.0
9,864,0.0
9,865,0.0
9,866,0.0
9,867,0.0
9,868,0.0
9,869,0.0
9,870,0.0
9,871,0.0
9,872,0.0
9,873,0.0
9,874,0.0
9,875,0.0
9,876,0.0
9,877,0.0
9,878,0.0
9,879,0.0
9,880,0.0
9,881,0.0
9,882,0.0
9,883,0.0
9,884,0.0
9,885,0.0
9,886,0.0
9,887,0.0
9,888,0.0
9,889,0.0
9,890,0.0
9,891,0.0
9,892,0.0
9,893,0.0
9,894,0.0
9,895,0.0
9,896,0.0
9,897,0.0
9,898,0.0
9,899,0.0
9,900,0.0
9,901,0.0
9,902,0.0
9,903,0.0
9,904,0.0
9,905,0.0
9,906,0.0
9,907,0.0
9,908,0.0
9,909,0.0
9,910,0.0
9,911,0.0
9,912,0.0
9,913,0.0
9,914,0.0
9,915,0.0
9,916,0.0
9,917,0.0
9,918,0.0
9,919,0.0
9,920,0.0
9,921,0.0
9,922,0.0
9,923,0.0
9,924,0.0
9,925,0.0
9,926,0.0
9,927,0.0
9,928,0.0
9,929,0.0
9,930,0.0
9,931,0.0
9,932,0.0
9,933,0.0
9,934,0.0
9,935,0.0
9,936,0.0
9,937,0.0
9,938,0.0
9,939,0.0
9,940,0.0
9,941,0.0
9,942,0.0
9,943,0.0
9,944,0.0
9,945,0.0
9,946,0.0
9,947,0.0
9,948,0.0
9,949,0.0
9,950,0.0
9,951,0.0
9,952,0.0
9,953,0.0
9,954,0.0
9,955,0.0
9,956,0.0
9,957,0.0
9,958,0.0
9,959,0.0
9,960,0.0
9,961,0.0
9,962,0.0
9,963,0.0
9,964,0.0
9,965,0.0
9,966,0.0
9,967,0.0
9,968,0.0
9,969,0.0
9,970,0.0
9,971,0.0
9,972,0.0
9,973,0.0
9,974,0.0
9,975,0.0
9,976,0.0
9,977,0.0
9,978,0.0
9,979,0.0
9,980,0.0
9,981,0.0
9,982,0.0
9,983,0.0
9,984,0.0
9,985,0.0
9,986,0.0
9,987,0.0
9,988,0.0
9,989,0.0
9,990,0.0
9,991,0.0
9,992,0.0
9,993,0.0
9,994,0.0
9,995,0.0
9,996,0.0
9,997,0.0
9,998,0.0
9,999,0.0
9,1000,0.0
9,1001,0.0
9,1002,0.0
9,1003,0.0
9,1004,0.0
9,1005,0.0
9,1006,0.0
9,1007,0.0
9,1008,0.0
9,1009,0.0
9,1010,0.0
9,1011,0.0
9,1012,0.0
9,1013,0.0
9,1014,0.0
9,1015,0.0
9,1016,0.0
9,1017,0.0
9,1018,0.0
9,1019,0.0
9,1020,0.0
9,1021,0.0
9,1022,0.0
9,1023,0.0
9,1024,0.0
9,1025,0.0
9,1026,0.0
9,1027,0.0
9,1028,0.0
9,1029,0.0
9,1030,0.0
9,1031,0.0
9,1032,0.0
9,1033,0.0
9,1034,0.0
9,1035,0.0
9,1036,0.0
9,1037,0.0
9,1038,0.0
9,1039,0.0
9,1040,0.0
9,1041,0.0
9,1042,0.0
9,1043,0.0
9,1044,0.0
9,1045,0.0
9,1046,0.0
9,1047,0.0
9,1048,0.0
9,1049,0.0
9,1050,0.0
9,1051,0.0
9,1052,0.0
9,1053,0.0
9,1054,0.0
9,1055,0.0
9,1056,0.0
9,1057,0.0
9,1058,0.0
9,1059,0.0
9,1060,0.0
9,1061,0.0
9,1062,0.0
9,1063,0.0
9,1064,0.0
9,1065,0.0
9,1066,0.0
9,1067,0.0
9,1068,0.0
9,1069,0.0
9,1070,0.0
9,1071,0.0
9,1072,0.0
9,1073,0.0
9,1074,0.0
9,1075,0.0
9,1076,0.0
9,1077,0.0
9,1078,0.0
9,1079,0.0
9,1080,0.0
9,1081,0.0
9,1082,0.0
9,1083,0.0
9,1084,0.0
9,1085,0.0
9,1086,0.0
9,1087,0.0
9,1088,0.0
9,1089,0.0
9,1090,0.0
9,1091,0.0
9,1092,0.0
9,1093,0.0
9,1094,0.0
9,1095,0.0
9,1096,0.0
9,1097,0.0
9,1098,0.0
9,1099,0.0
9,1100,0.0
9,1101,0.0
9,1102,0.0
9,1103,0.0
9,1104,0.0
9,1105,0.0
9,1106,0.0
9,1107,0.0
9,1108,0.0
9,1109,0.0
9,1110,0.0
9,1111,0.0
9,1112,0.0
9,1113,0.0
9,1114,0.0
9,1115,0.0
9,1116,0.0
9,1117,0.0
9,1118,0.0
9,1119,0.0
9,1120,0.0
9,1121,0.0
9,1122,0.0
9,1123,0.0
9,1124,0.0
9,1125,0.0
9,1126,0.0
9,1127,0.0
9,1128,0.0
9,1129,0.0
9,1130,0.0
9,1131,0.0
9,1132,0.0
9,1133,0.0
9,1134,0.0
9,1135,0.0
9,1136,0.0
9,1137,0.0
9,1138,0.0
9,1139,0.0
9,1140,0.0
9,1141,0.0
9,1142,0.0
9,1143,0.0
9,1144,0.0
9,1145,0.0
9,1146,0.0
9,1147,0.0
9,1148,0.0
9,1149,0.0
9,1150,0.0
9,1151,0.0
9,1152,0.0
9,1153,0.0
9,1154,0.0
9,1155,0.0
9,1156,0.0
9,1157,0.0
9,1158,0.0
9,1159,0.0
9,1160,0.0
9,1161,0.0
9,1162,0.0
9,1163,0.0
9,1164,0.0
9,1165,0.0
9,1166,0.0
9,1167,0.0
9,1168,0.0
9,1169,0.0
9,1170,0.0
9,1171,0.0
9,1172,0.0
9,1173,0.0
9,1174,0.0
9,1175,0.0
9,1176,0.0
9,1177,0.0
9,1178,0.0
9,1179,0.0
9,1180,0.0
9,1181,0.0
9,1182,0.0
9,1183,0.0
9,1184,0.0
9,1185,0.0
9,1186,0.0
9,1187,0.0
9,1188,0.0
9,1189,0.0
9,1190,0.0
9,1191,0.0
9,1192,0.0
9,1193,0.0
9,1194,0.0
9,1195,0.0
9,1196,0.0
9,1197,0.0
9,1198,0.0
9,1199,0.0
9,1200,0.0
9,1201,0.0
9,1202,0.0
9,1203,0.0
9,1204,0.0
9,1205,0.0
9,1206,0.0
9,1207,0.0
9,1208,0.0
9,1209,0.0
9,1210,0.0
9,1211,0.0
9,1212,0.0
9,1213,0.0
9,1214,0.0
9,1215,0.0
9,1216,0.0
9,1217,0.0
9,1218,0.0
9,1219,0.0
9,1220,0.0
9,1221,0.0
9,1222,0.0
9,1223,0.0
9,1224,0.0
9,1225,0.0
9,1226,0.0
9,1227,0.0
9,1228,0.0
9,1229,0.0
9,1230,0.0
9,1231,0.0
9,1232,0.0
9,1233,0.0
9,1234,0.0
9,1235,0.0
9,1236,0.0
9,1237,0.0
9,1238,0.0
9,1239,0.0
9,1240,0.0
9,1241,0.0
9,1242,0.0
9,1243,0.0
9,1244,0.0
9,1245,0.0
9,1246,0.0
9,1247,0.0
9,1248,0.0
9,1249,0.0
9,1250,0.0
9,1251,0.0
9,1252,0.0
9,1253,0.0
9,1254,0.0
9,1255,0.0
9,1256,0.0
9,1257,0.0
9,1258,0.0
9,1259,0.0
9,1260,0.0
9,1261,0.0
9,1262,0.0
9,1263,0.0
9,1264,0.0
9,1265,0.0
9,1266,0.0
9,1267,0.0
9,1268,0.0
9,1269,0.0
9,1270,0.0
9,1271,0.0
9,1272,0.0
9,1273,0.0
9,1274,0.0
9,1275,0.0
9,1276,0.0
9,1277,0.0
9,1278,0.0
9,1279,0.0
9,1280,0.0
9,1281,0.0
9,1282,0.0
9,1283,0.0
9,1284,0.0
9,1285,0.0
9,1286,0.0
9,1287,0.0
9,1288,0.0
9,1289,0.0
9,1290,0.0
9,1291,0.0
9,1292,0.0
9,1293,0.0
9,1294,0.0
9,1295,0.0
9,1296,0.0
9,1297,0.0
9,1298,0.0
9,1299,0.0
9,1300,0.0
9,1301,0.0
9,1302,0.0
9,1303,0.0
9,1304,0.0
9,1305,0.0
9,1306,0.0
9,1307,0.0
9,1308,0.0
9,1309,0.0
9,1310,0.0
9,1311,0.0
9,1312,0.0
9,1313,0.0
9,1314,0.0
9,1315,0.0
9,1316,0.0
9,1317,0.0
9,1318,0.0
9,1319,0.0
9,1320,0.0
9,1321,0.0
9,1322,0.0
9,1323,0.0
9,1324,0.0
9,1325,0.0
9,1326,0.0
9,1327,0.0
9,1328,0.0
9,1329,0.0
9,1330,0.0
9,1331,0.0
9,1332,0.0
9,1333,0.0
9,1334,0.0
9,1335,0.0
9,1336,0.0
9,1337,0.0
9,1338,0.0
9,1339,0.0
9,1340,0.0
9,1341,0.0
9,1342,0.0
9,1343,0.0
9,1344,0.0
9,1345,0.0
9,1346,0.0
9,1347,0.0
9,1348,0.0
9,1349,0.0
9,1350,0.0
9,1351,0.0
9,1352,0.0
9,1353,0.0
9,1354,0.0
9,1355,0.0
9,1356,0.0
9,1357,0.0
9,1358,0.0
9,1359,0.0
9,1360,0.0
9,1361,0.0
9,1362,0.0
9,1363,0.0
9,1364,0.0
9,1365,0.0
9,1366,0.0
9,1367,0.0
9,1368,0.0
9,1369,0.0
9,1370,0.0
9,1371,0.0
9,1372,0.0
9,1373,0.0
9,1374,0.0
9,1375,0.0
9,1376,0.0
9,1377,0.0
9,1378,0.0
9,1379,0.0
9,1380,0.0
9,1381,0.0
9,1382,0.0
9,1383,0.0
9,1384,0.0
9,1385,0.0
9,1386,0.0
9,1387,0.0
9,1388,0.0
9,1389,0.0
9,1390,0.0
9,1391,0.0
9,1392,0.0
9,1393,0.0
9,1394,0.0
9,1395,0.0
9,1396,0.0
9,1397,0.0
9,1398,0.0
9,1399,0.0
9,1400,0.0
9,1401,0.0
9,1402,0.0
9,1403,0.0
9,1404,0.0
9,1405,0.0
9,1406,0.0
9,1407,0.0
9,1408,0.0
9,1409,0.0
9,1410,0.0
9,1411,0.0
9,1412,0.0
9,1413,0.0
9,1414,0.0
9,1415,0.0
9,1416,0.0
9,1417,0.0
9,1418,0.0
9,1419,0.0
9,1420,0.0
9,1421,0.0
9,1422,0.0
9,1423,0.0
9,1424,0.0
9,1425,0.0
9,1426,0.0
9,1427,0.0
9,1428,0.0
9,1429,0.0
9,1430,0.0
9,1431,0.0
9,1432,0.0
9,1433,0.0
9,1434,0.0
9,1435,0.0
9,1436,0.0
9,1437,0.0
9,1438,0.0
9,1439,0.0
9,1440,0.0
9,1441,0.0
9,1442,0.0
9,1443,0.0
9,1444,0.0
9,1445,0.0
9,1446,0.0
9,1447,0.0
9,1448,0.0
9,1449,0.0
9,1450,0.0
9,1451,0.0
9,1452,0.0
9,1453,0.0
9,1454,0.0
9,1455,0.0
9,1456,0.0
9,1457,0.0
9,1458,0.0
9,1459,0.0
9,1460,0.0
9,1461,0.0
10,1,1.0
10,2,11.0
10,3,13.0
10,4,15.0
10,5,11.0
10,6,9.0
10,7,7.0
10,8,5.0
10,9,3.0
10,10,2.0
10,11,2.0
10,12,1.0
10,13,2.0
10,14,3.0
10,15,5.0
10,16,7.0
10,17,10.0
10,18,13.0
10,19,17.0
10,20,21.0
10,21,25.0
10,22,29.0
10,23,25.0
10,24,21.0
10,25,18.0
10,26,14.0
10,27,10.0
10,28,6.0
10,29,4.0
10,30,2.0
10,31,1.0
10,32,7.0
10,33,17.0
10,34,20.0
10,35,28.0
10,36,25.0
10,37,20.0
10,38,13.0
10,39,15.0
10,40,20.0
10,41,20.0
10,42,19.0
10,43,28.0
10,44,25.0
10,45,22.0
10,46,17.0
10,47,8.0
10,48,10.0
10,49,12.0
10,50,15.0
10,51,14.0
10,52,13.0
10,53,12.0
10,54,11.0
10,55,10.0
10,56,9.0
10,57,8.0
10,58,7.0
10,59,4.0
10,60,1.0
10,61,1.0
10,62,1.0
10,63,2.0
10,64,2.0
10,65,3.0
10,66,2.0
10,67,2.0
10,68,3.0
10,69,4.0
10,70,5.0
10,71,5.0
10,72,4.0
10,73,4.0
10,74,5.0
10,75,6.0
10,76,7.0
10,77,8.0
10,78,7.0
10,79,6.0
10,80,6.0
10,81,5.0
10,82,5.0
10,83,4.0
10,84,4.0
10,85,3.0
10,86,3.0
10,87,2.0
10,88,2.0
10,89,1.0
10,90,1.0
10,91,1.0
10,92,1.0
10,93,1.0
10,94,1.0
10,95,2.0
10,96,2.0
10,97,2.0
10,98,2.0
10,99,1.0
10,100,1.0
10,101,1.0
10,102,1.0
10,103,2.0
10,104,2.0
10,105,2.0
10,106,2.0
10,107,1.0
10,108,1.0
10,109,1.0
10,110,1.0
10,111,2.0
10,112,2.0
10,113,2.0
10,114,2.0
10,115,1.0
10,116,1.0
10,117,1.0
10,118,1.0
10,119,2.0
10,120,2.0
10,121,1.0
10,122,1.0
10,123,1.0
10,124,1.0
10,125,0.0
10,126,0.0
10,127,0.0
10,128,0.0
10,129,0.0
10,130,0.0
10,131,0.0
10,132,0.0
10,133,0.0
10,134,0.0
10,135,0.0
10,136,0.0
10,137,0.0
10,138,0.0
10,139,0.0
10,140,0.0
10,141,0.0
10,142,0.0
10,143,0.0
10,144,0.0
10,145,1.0
10,146,1.0
10,147,1.0
10,148,1.0
10,149,2.0
10,150,2.0
10,151,2.0
10,152,2.0
10,153,1.0
10,154,1.0
10,155,1.0
10,156,1.0
10,157,0.0
10,158,0.0
10,159,0.0
10,160,0.0
10,161,0.0
10,162,0.0
10,163,0.0
10,164,0.0
10,165,0.0
10,166,0.0
10,167,0.0
10,168,0.0
10,169,0.0
10,170,0.0
10,171,0.0
10,172,0.0
10,173,0.0
10,174,0.0
10,175,0.0
10,176,0.0
10,177,0.0
10,178,1.0
10,179,1.0
10,180,0.0
10,181,0.0
10,182,0.0
10,183,0.0
10,184,0.0
10,185,1.0
10,186,1.0
10,187,0.0
10,188,0.0
10,189,0.0
10,190,0.0
10,191,1.0
10,192,1.0
10,193,2.0
10,194,2.0
10,195,3.0
10,196,3.0
10,197,4.0
10,198,4.0
10,199,3.0
10,200,3.0
10,201,2.0
10,202,2.0
10,203,2.0
10,204,1.0
10,205,0.0
10,206,0.0
10,207,0.0
10,208,0.0
10,209,0.0
10,210,1.0
10,211,1.0
10,212,1.0
10,213,1.0
10,214,1.0
10,215,1.0
10,216,1.0
10,217,1.0
10,218,1.0
10,219,1.0
10,220,1.0
10,221,1.0
10,222,1.0
10,223,1.0
10,224,1.0
10,225,1.0
10,226,1.0
10,227,1.0
10,228,1.0
10,229,1.0
10,230,1.0
10,231,1.0
10,232,1.0
10,233,0.0
10,234,0.0
10,235,1.0
10,236,1.0
10,237,1.0
10,238,0.0
10,239,1.0
10,240,0.0
10,241,0.0
10,242,0.0
10,243,0.0
10,244,0.0
10,245,0.0
10,246,0.0
10,247,0.0
10,248,0.0
10,249,0.0
10,250,0.0
10,251,0.0
10,252,1.0
10,253,0.0
10,254,0.0
10,255,0.0
10,256,0.0
10,257,0.0
10,258,0.0
10,259,0.0
10,260,0.0
10,261,0.0
10,262,0.0
10,263,0.0
10,264,0.0
10,265,0.0
10,266,0.0
10,267,0.0
10,268,0.0
10,269,1.0
10,270,0.0
10,271,0.0
10,272,0.0
10,273,1.0
10,274,0.0
10,275,0.0
10,276,0.0
10,277,0.0
10,278,0.0
10,279,0.0
10,280,0.0
10,281,0.0
10,282,0.0
10,283,0.0
10,284,0.0
10,285,0.0
10,286,0.0
10,287,0.0
10,288,0.0
10,289,0.0
10,290,0.0
10,291,0.0
10,292,0.0
10,293,0.0
10,294,0.0
10,295,0.0
10,296,0.0
10,297,1.0
10,298,1.0
10,299,1.0
10,300,1.0
10,301,1.0
10,302,1.0
10,303,1.0
10,304,1.0
10,305,2.0
10,306,2.0
10,307,1.0
10,308,1.0
10,309,1.0
10,310,2.0
10,311,1.0
10,312,1.0
10,313,1.0
10,314,0.0
10,315,1.0
10,316,0.0
10,317,1.0
10,318,4.0
10,319,5.0
10,320,4.0
10,321,0.0
10,322,0.0
10,323,1.0
10,324,1.0
10,325,2.0
10,326,1.0
10,327,1.0
10,328,4.0
10,329,10.0
10,330,5.0
10,331,5.0
10,332,5.0
10,333,5.0
10,334,5.0
10,335,5.0
10,336,3.0
10,337,2.0
10,338,2.0
10,339,1.0
10,340,1.0
10,341,1.0
10,342,1.0
10,343,6.0
10,344,11.0
10,345,14.0
10,346,16.0
10,347,21.0
10,348,22.0
10,349,22.0
10,350,29.0
10,351,24.0
10,352,18.0
10,353,11.0
10,354,6.0
10,355,4.0
10,356,4.0
10,357,1.0
10,358,2.0
10,359,5.0
10,360,10.0
10,361,6.0
10,362,4.0
10,363,4.0
10,364,4.0
10,365,5.0
10,366,1.0
10,367,11.0
10,368,13.0
10,369,15.0
10,370,11.0
10,371,9.0
10,372,7.0
10,373,5.0
10,374,3.0
10,375,2.0
10,376,2.0
10,377,1.0
10,378,2.0
10,379,3.0
10,380,5.0
10,381,7.0
10,382,10.0
10,383,13.0
10,384,17.0
10,385,21.0
10,386,25.0
10,387,29.0
10,388,25.0
10,389,21.0
10,390,18.0
10,391,14.0
10,392,10.0
10,393,6.0
10,394,4.0
10,395,2.0
10,396,1.0
10,397,7.0
10,398,17.0
10,399,20.0
10,400,28.0
10,401,25.0
10,402,20.0
10,403,13.0
10,404,15.0
10,405,20.0
10,406,20.0
10,407,19.0
10,408,28.0
10,409,25.0
10,410,22.0
10,411,17.0
10,412,8.0
10,413,10.0
10,414,12.0
10,415,15.0
10,416,14.0
10,417,13.0
10,418,12.0
10,419,11.0
10,420,10.0
10,421,9.0
10,422,8.0
10,423,7.0
10,424,4.0
10,425,1.0
10,426,1.0
10,427,1.0
10,428,2.0
10,429,2.0
10,430,3.0
10,431,2.0
10,432,2.0
10,433,3.0
10,434,4.0
10,435,5.0
10,436,5.0
10,437,4.0
10,438,4.0
10,439,5.0
10,440,6.0
10,441,7.0
10,442,8.0
10,443,7.0
10,444,6.0
10,445,6.0
10,446,5.0
10,447,5.0
10,448,4.0
10,449,4.0
10,450,3.0
10,451,3.0
10,452,2.0
10,453,2.0
10,454,1.0
10,455,1.0
10,456,1.0
10,457,1.0
10,458,1.0
10,459,1.0
10,460,2.0
10,461,2.0
10,462,2.0
10,463,2.0
10,464,1.0
10,465,1.0
10,466,1.0
10,467,1.0
10,468,2.0
10,469,2.0
10,470,2.0
10,471,2.0
10,472,1.0
10,473,1.0
10,474,1.0
10,475,1.0
10,476,2.0
10,477,2.0
10,478,2.0
10,479,2.0
10,480,1.0
10,481,1.0
10,482,1.0
10,483,1.0
10,484,2.0
10,485,2.0
10,486,1.0
10,487,1.0
10,488,1.0
10,489,1.0
10,490,0.0
10,491,0.0
10,492,0.0
10,493,0.0
10,494,0.0
10,495,0.0
10,496,0.0
10,497,0.0
10,498,0.0
10,499,0.0
10,500,0.0
10,501,0.0
10,502,0.0
10,503,0.0
10,504,0.0
10,505,0.0
10,506,0.0
10,507,0.0
10,508,0.0
10,509,0.0
10,510,1.0
10,511,1.0
10,512,1.0
10,513,1.0
10,514,2.0
10,515,2.0
10,516,2.0
10,517,2.0
10,518,1.0
10,519,1.0
10,520,1.0
10,521,1.0
10,522,0.0
10,523,0.0
10,524,0.0
10,525,0.0
10,526,0.0
10,527,0.0
10,528,0.0
10,529,0.0
10,530,0.0
10,531,0.0
10,532,0.0
10,533,0.0
10,534,0.0
10,535,0.0
10,536,0.0
10,537,0.0
10,538,0.0
10,539,0.0
10,540,0.0
10,541,0.0
10,542,0.0
10,543,1.0
10,544,1.0
10,545,0.0
10,546,0.0
10,547,0.0
10,548,0.0
10,549,0.0
10,550,1.0
10,551,1.0
10,552,0.0
10,553,0.0
10,554,0.0
10,555,0.0
10,556,1.0
10,557,1.0
10,558,2.0
10,559,2.0
10,560,3.0
10,561,3.0
10,562,4.0
10,563,4.0
10,564,3.0
10,565,3.0
10,566,2.0
10,567,2.0
10,568,2.0
10,569,1.0
10,570,0.0
10,571,0.0
10,572,0.0
10,573,0.0
10,574,0.0
10,575,1.0
10,576,1.0
10,577,1.0
10,578,1.0
10,579,1.0
10,580,1.0
10,581,1.0
10,582,1.0
10,583,1.0
10,584,1.0
10,585,1.0
10,586,1.0
10,587,1.0
10,588,1.0
10,589,1.0
10,590,1.0
10,591,1.0
10,592,1.0
10,593,1.0
10,594,1.0
10,595,1.0
10,596,1.0
10,597,1.0
10,598,0.0
10,599,0.0
10,600,1.0
10,601,1.0
10,602,1.0
10,603,0.0
10,604,1.0
10,605,0.0
10,606,0.0
10,607,0.0
10,608,0.0
10,609,0.0
10,610,0.0
10,611,0.0
10,612,0.0
10,613,0.0
10,614,0.0
10,615,0.0
10,616,0.0
10,617,1.0
10,618,0.0
10,619,0.0
10,620,0.0
10,621,0.0
10,622,0.0
10,623,0.0
10,624,0.0
10,625,0.0
10,626,0.0
10,627,0.0
10,628,0.0
10,629,0.0
10,630,0.0
10,631,0.0
10,632,0.0
10,633,0.0
10,634,1.0
10,635,0.0
10,636,0.0
10,637,0.0
10,638,1.0
10,639,0.0
10,640,0.0
10,641,0.0
10,642,0.0
10,643,0.0
10,644,0.0
10,645,0.0
10,646,0.0
10,647,0.0
10,648,0.0
10,649,0.0
10,650,0.0
10,651,0.0
10,652,0.0
10,653,0.0
10,654,0.0
10,655,0.0
10,656,0.0
10,657,0.0
10,658,0.0
10,659,0.0
10,660,0.0
10,661,0.0
10,662,1.0
10,663,1.0
10,664,1.0
10,665,1.0
10,666,1.0
10,667,1.0
10,668,1.0
10,669,1.0
10,670,2.0
10,671,2.0
10,672,1.0
10,673,1.0
10,674,1.0
10,675,2.0
10,676,1.0
10,677,1.0
10,678,1.0
10,679,0.0
10,680,1.0
10,681,0.0
10,682,1.0
10,683,4.0
10,684,5.0
10,685,4.0
10,686,0.0
10,687,0.0
10,688,1.0
10,689,1.0
10,690,2.0
10,691,1.0
10,692,1.0
10,693,4.0
10,694,10.0
10,695,5.0
10,696,5.0
10,697,5.0
10,698,5.0
10,699,5.0
10,700,5.0
10,701,3.0
10,702,2.0
10,703,2.0
10,704,1.0
10,705,1.0
10,706,1.0
10,707,1.0
10,708,6.0
10,709,11.0
10,710,14.0
10,711,16.0
10,712,21.0
10,713,22.0
10,714,22.0
10,715,29.0
10,716,24.0
10,717,18.0
10,718,11.0
10,719,6.0
10,720,4.0
10,721,4.0
10,722,1.0
10,723,2.0
10,724,5.0
10,725,10.0
10,726,6.0
10,727,4.0
10,728,4.0
10,729,4.0
10,730,5.0
10,731,1.0
10,732,11.0
10,733,13.0
10,734,15.0
10,735,11.0
10,736,9.0
10,737,7.0
10,738,5.0
10,739,3.0
10,740,2.0
10,741,2.0
10,742,1.0
10,743,2.0
10,744,3.0
10,745,5.0
10,746,7.0
10,747,10.0
10,748,13.0
10,749,17.0
10,750,21.0
10,751,25.0
10,752,29.0
10,753,25.0
10,754,21.0
10,755,18.0
10,756,14.0
10,757,10.0
10,758,6.0
10,759,4.0
10,760,2.0
10,761,1.0
10,762,7.0
10,763,17.0
10,764,20.0
10,765,28.0
10,766,25.0
10,767,20.0
10,768,13.0
10,769,15.0
10,770,20.0
10,771,20.0
10,772,19.0
10,773,28.0
10,774,25.0
10,775,22.0
10,776,17.0
10,777,8.0
10,778,10.0
10,779,12.0
10,780,15.0
10,781,14.0
10,782,13.0
10,783,12.0
10,784,11.0
10,785,10.0
10,786,9.0
10,787,8.0
10,788,7.0
10,789,4.0
10,790,1.0
10,791,1.0
10,792,1.0
10,793,2.0
10,794,2.0
10,795,3.0
10,796,2.0
10,797,2.0
10,798,3.0
10,799,4.0
10,800,5.0
10,801,5.0
10,802,4.0
10,803,4.0
10,804,5.0
10,805,6.0
10,806,7.0
10,807,8.0
10,808,7.0
10,809,6.0
10,810,6.0
10,811,5.0
10,812,5.0
10,813,4.0
10,814,4.0
10,815,3.0
10,816,3.0
10,817,2.0
10,818,2.0
10,819,1.0
10,820,1.0
10,821,1.0
10,822,1.0
10,823,1.0
10,824,1.0
10,825,2.0
10,826,2.0
10,827,2.0
10,828,2.0
10,829,1.0
10,830,1.0
10,831,1.0
10,832,1.0
10,833,2.0
10,834,2.0
10,835,2.0
10,836,2.0
10,837,1.0
10,838,1.0
10,839,1.0
10,840,1.0
10,841,2.0
10,842,2.0
10,843,2.0
10,844,2.0
10,845,1.0
10,846,1.0
10,847,1.0
10,848,1.0
10,849,2.0
10,850,2.0
10,851,1.0
10,852,1.0
10,853,1.0
10,854,1.0
10,855,0.0
10,856,0.0
10,857,0.0
10,858,0.0
10,859,0.0
10,860,0.0
10,861,0.0
10,862,0.0
10,863,0.0
10,864,0.0
10,865,0.0
10,866,0.0
10,867,0.0
10,868,0.0
10,869,0.0
10,870,0.0
10,871,0.0
10,872,0.0
10,873,0.0
10,874,0.0
10,875,1.0
10,876,1.0
10,877,1.0
10,878,1.0
10,879,2.0
10,880,2.0
10,881,2.0
10,882,2.0
10,883,1.0
10,884,1.0
10,885,1.0
10,886,1.0
10,887,0.0
10,888,0.0
10,889,0.0
10,890,0.0
10,891,0.0
10,892,0.0
10,893,0.0
10,894,0.0
10,895,0.0
10,896,0.0
10,897,0.0
10,898,0.0
10,899,0.0
10,900,0.0
10,901,0.0
10,902,0.0
10,903,0.0
10,904,0.0
10,905,0.0
10,906,0.0
10,907,0.0
10,908,1.0
10,909,1.0
10,910,0.0
10,911,0.0
10,912,0.0
10,913,0.0
10,914,0.0
10,915,1.0
10,916,1.0
10,917,0.0
10,918,0.0
10,919,0.0
10,920,0.0
10,921,1.0
10,922,1.0
10,923,2.0
10,924,2.0
10,925,3.0
10,926,3.0
10,927,4.0
10,928,4.0
10,929,3.0
10,930,3.0
10,931,2.0
10,932,2.0
10,933,2.0
10,934,1.0
10,935,0.0
10,936,0.0
10,937,0.0
10,938,0.0
10,939,0.0
10,940,1.0
10,941,1.0
10,942,1.0
10,943,1.0
10,944,1.0
10,945,1.0
10,946,1.0
10,947,1.0
10,948,1.0
10,949,1.0
10,950,1.0
10,951,1.0
10,952,1.0
10,953,1.0
10,954,1.0
10,955,1.0
10,956,1.0
10,957,1.0
10,958,1.0
10,959,1.0
10,960,1.0
10,961,1.0
10,962,1.0
10,963,0.0
10,964,0.0
10,965,1.0
10,966,1.0
10,967,1.0
10,968,0.0
10,969,1.0
10,970,0.0
10,971,0.0
10,972,0.0
10,973,0.0
10,974,0.0
10,975,0.0
10,976,0.0
10,977,0.0
10,978,0.0
10,979,0.0
10,980,0.0
10,981,0.0
10,982,1.0
10,983,0.0
10,984,0.0
10,985,0.0
10,986,0.0
10,987,0.0
10,988,0.0
10,989,0.0
10,990,0.0
10,991,0.0
10,992,0.0
10,993,0.0
10,994,0.0
10,995,0.0
10,996,0.0
10,997,0.0
10,998,0.0
10,999,1.0
10,1000,0.0
10,1001,0.0
10,1002,0.0
10,1003,1.0
10,1004,0.0
10,1005,0.0
10,1006,0.0
10,1007,0.0
10,1008,0.0
10,1009,0.0
10,1010,0.0
10,1011,0.0
10,1012,0.0
10,1013,0.0
10,1014,0.0
10,1015,0.0
10,1016,0.0
10,1017,0.0
10,1018,0.0
10,1019,0.0
10,1020,0.0
10,1021,0.0
10,1022,0.0
10,1023,0.0
10,1024,0.0
10,1025,0.0
10,1026,0.0
10,1027,1.0
10,1028,1.0
10,1029,1.0
10,1030,1.0
10,1031,1.0
10,1032,1.0
10,1033,1.0
10,1034,1.0
10,1035,2.0
10,1036,2.0
10,1037,1.0
10,1038,1.0
10,1039,1.0
10,1040,2.0
10,1041,1.0
10,1042,1.0
10,1043,1.0
10,1044,0.0
10,1045,1.0
10,1046,0.0
10,1047,1.0
10,1048,4.0
10,1049,5.0
10,1050,4.0
10,1051,0.0
10,1052,0.0
10,1053,1.0
10,1054,1.0
10,1055,2.0
10,1056,1.0
10,1057,1.0
10,1058,4.0
10,1059,10.0
10,1060,5.0
10,1061,5.0
10,1062,5.0
10,1063,5.0
10,1064,5.0
10,1065,5.0
10,1066,3.0
10,1067,2.0
10,1068,2.0
10,1069,1.0
10,1070,1.0
10,1071,1.0
10,1072,1.0
10,1073,6.0
10,1074,11.0
10,1075,14.0
10,1076,16.0
10,1077,21.0
10,1078,22.0
10,1079,22.0
10,1080,29.0
10,1081,24.0
10,1082,18.0
10,1083,11.0
10,1084,6.0
10,1085,4.0
10,1086,4.0
10,1087,1.0
10,1088,2.0
10,1089,5.0
10,1090,10.0
10,1091,6.0
10,1092,4.0
10,1093,4.0
10,1094,4.0
10,1095,5.0
10,1096,1.0
10,1097,11.0
10,1098,13.0
10,1099,15.0
10,1100,11.0
10,1101,9.0
10,1102,7.0
10,1103,5.0
10,1104,3.0
10,1105,2.0
10,1106,2.0
10,1107,1.0
10,1108,2.0
10,1109,3.0
10,1110,5.0
10,1111,7.0
10,1112,10.0
10,1113,13.0
10,1114,17.0
10,1115,21.0
10,1116,25.0
10,1117,29.0
10,1118,25.0
10,1119,21.0
10,1120,18.0
10,1121,14.0
10,1122,10.0
10,1123,6.0
10,1124,4.0
10,1125,2.0
10,1126,1.0
10,1127,7.0
10,1128,17.0
10,1129,20.0
10,1130,28.0
10,1131,25.0
10,1132,20.0
10,1133,13.0
10,1134,15.0
10,1135,20.0
10,1136,20.0
10,1137,19.0
10,1138,28.0
10,1139,25.0
10,1140,22.0
10,1141,17.0
10,1142,8.0
10,1143,10.0
10,1144,12.0
10,1145,15.0
10,1146,14.0
10,1147,13.0
10,1148,12.0
10,1149,11.0
10,1150,10.0
10,1151,9.0
10,1152,8.0
10,1153,7.0
10,1154,4.0
10,1155,1.0
10,1156,1.0
10,1157,1.0
10,1158,2.0
10,1159,2.0
10,1160,3.0
10,1161,2.0
10,1162,2.0
10,1163,3.0
10,1164,4.0
10,1165,5.0
10,1166,5.0
10,1167,4.0
10,1168,4.0
10,1169,5.0
10,1170,6.0
10,1171,7.0
10,1172,8.0
10,1173,7.0
10,1174,6.0
10,1175,6.0
10,1176,5.0
10,1177,5.0
10,1178,4.0
10,1179,4.0
10,1180,3.0
10,1181,3.0
10,1182,2.0
10,1183,2.0
10,1184,1.0
10,1185,1.0
10,1186,1.0
10,1187,1.0
10,1188,1.0
10,1189,1.0
10,1190,2.0
10,1191,2.0
10,1192,2.0
10,1193,2.0
10,1194,1.0
10,1195,1.0
10,1196,1.0
10,1197,1.0
10,1198,2.0
10,1199,2.0
10,1200,2.0
10,1201,2.0
10,1202,1.0
10,1203,1.0
10,1204,1.0
10,1205,1.0
10,1206,2.0
10,1207,2.0
10,1208,2.0
10,1209,2.0
10,1210,1.0
10,1211,1.0
10,1212,1.0
10,1213,1.0
10,1214,2.0
10,1215,2.0
10,1216,1.0
10,1217,1.0
10,1218,1.0
10,1219,1.0
10,1220,0.0
10,1221,0.0
10,1222,0.0
10,1223,0.0
10,1224,0.0
10,1225,0.0
10,1226,0.0
10,1227,0.0
10,1228,0.0
10,1229,0.0
10,1230,0.0
10,1231,0.0
10,1232,0.0
10,1233,0.0
10,1234,0.0
10,1235,0.0
10,1236,0.0
10,1237,0.0
10,1238,0.0
10,1239,0.0
10,1240,1.0
10,1241,1.0
10,1242,1.0
10,1243,1.0
10,1244,2.0
10,1245,2.0
10,1246,2.0
10,1247,2.0
10,1248,1.0
10,1249,1.0
10,1250,1.0
10,1251,1.0
10,1252,0.0
10,1253,0.0
10,1254,0.0
10,1255,0.0
10,1256,0.0
10,1257,0.0
10,1258,0.0
10,1259,0.0
10,1260,0.0
10,1261,0.0
10,1262,0.0
10,1263,0.0
10,1264,0.0
10,1265,0.0
10,1266,0.0
10,1267,0.0
10,1268,0.0
10,1269,0.0
10,1270,0.0
10,1271,0.0
10,1272,0.0
10,1273,1.0
10,1274,1.0
10,1275,0.0
10,1276,0.0
10,1277,0.0
10,1278,0.0
10,1279,0.0
10,1280,1.0
10,1281,1.0
10,1282,0.0
10,1283,0.0
10,1284,0.0
10,1285,0.0
10,1286,1.0
10,1287,1.0
10,1288,2.0
10,1289,2.0
10,1290,3.0
10,1291,3.0
10,1292,4.0
10,1293,4.0
10,1294,3.0
10,1295,3.0
10,1296,2.0
10,1297,2.0
10,1298,2.0
10,1299,1.0
10,1300,0.0
10,1301,0.0
10,1302,0.0
10,1303,0.0
10,1304,0.0
10,1305,1.0
10,1306,1.0
10,1307,1.0
10,1308,1.0
10,1309,1.0
10,1310,1.0
10,1311,1.0
10,1312,1.0
10,1313,1.0
10,1314,1.0
10,1315,1.0
10,1316,1.0
10,1317,1.0
10,1318,1.0
10,1319,1.0
10,1320,1.0
10,1321,1.0
10,1322,1.0
10,1323,1.0
10,1324,1.0
10,1325,1.0
10,1326,1.0
10,1327,1.0
10,1328,0.0
10,1329,0.0
10,1330,1.0
10,1331,1.0
10,1332,1.0
10,1333,0.0
10,1334,1.0
10,1335,0.0
10,1336,0.0
10,1337,0.0
10,1338,0.0
10,1339,0.0
10,1340,0.0
10,1341,0.0
10,1342,0.0
10,1343,0.0
10,1344,0.0
10,1345,0.0
10,1346,0.0
10,1347,1.0
10,1348,0.0
10,1349,0.0
10,1350,0.0
10,1351,0.0
10,1352,0.0
10,1353,0.0
10,1354,0.0
10,1355,0.0
10,1356,0.0
10,1357,0.0
10,1358,0.0
10,1359,0.0
10,1360,0.0
10,1361,0.0
10,1362,0.0
10,1363,0.0
10,1364,1.0
10,1365,0.0
10,1366,0.0
10,1367,0.0
10,1368,1.0
10,1369,0.0
10,1370,0.0
10,1371,0.0
10,1372,0.0
10,1373,0.0
10,1374,0.0
10,1375,0.0
10,1376,0.0
10,1377,0.0
10,1378,0.0
10,1379,0.0
10,1380,0.0
10,1381,0.0
10,1382,0.0
10,1383,0.0
10,1384,0.0
10,1385,0.0
10,1386,0.0
10,1387,0.0
10,1388,0.0
10,1389,0.0
10,1390,0.0
10,1391,0.0
10,1392,1.0
10,1393,1.0
10,1394,1.0
10,1395,1.0
10,1396,1.0
10,1397,1.0
10,1398,1.0
10,1399,1.0
10,1400,2.0
10,1401,2.0
10,1402,1.0
10,1403,1.0
10,1404,1.0
10,1405,2.0
10,1406,1.0
10,1407,1.0
10,1408,1.0
10,1409,0.0
10,1410,1.0
10,1411,0.0
10,1412,1.0
10,1413,4.0
10,1414,5.0
10,1415,4.0
10,1416,0.0
10,1417,0.0
10,1418,1.0
10,1419,1.0
10,1420,2.0
10,1421,1.0
10,1422,1.0
10,1423,4.0
10,1424,10.0
10,1425,5.0
10,1426,5.0
10,1427,5.0
10,1428,5.0
10,1429,5.0
10,1430,5.0
10,1431,3.0
10,1432,2.0
10,1433,2.0
10,1434,1.0
10,1435,1.0
10,1436,1.0
10,1437,1.0
10,1438,6.0
10,1439,11.0
10,1440,14.0
10,1441,16.0
10,1442,21.0
10,1443,22.0
10,1444,22.0
10,1445,29.0
10,1446,24.0
10,1447,18.0
10,1448,11.0
10,1449,6.0
10,1450,4.0
10,1451,4.0
10,1452,1.0
10,1453,2.0
10,1454,5.0
10,1455,10.0
10,1456,6.0
10,1457,4.0
10,1458,4.0
10,1459,4.0
10,1460,5.0
10,1461,5.0
11,1,1.0
11,2,11.0
11,3,13.0
11,4,15.0
11,5,11.0
11,6,9.0
11,7,7.0
11,8,5.0
11,9,3.0
11,10,2.0
11,11,2.0
11,12,1.0
11,13,2.0
11,14,3.0
11,15,5.0
11,16,7.0
11,17,10.0
11,18,13.0
11,19,17.0
11,20,21.0
11,21,25.0
11,22,29.0
11,23,25.0
11,24,21.0
11,25,18.0
11,26,14.0
11,27,10.0
11,28,6.0
11,29,4.0
11,30,2.0
11,31,1.0
11,32,7.0
11,33,17.0
11,34,20.0
11,35,28.0
11,36,25.0
11,37,20.0
11,38,13.0
11,39,15.0
11,40,20.0
11,41,20.0
11,42,19.0
11,43,28.0
11,44,25.0
11,45,22.0
11,46,17.0
11,47,8.0
11,48,10.0
11,49,12.0
11,50,15.0
11,51,14.0
11,52,13.0
11,53,12.0
11,54,11.0
11,55,10.0
11,56,9.0
11,57,8.0
11,58,7.0
11,59,4.0
11,60,1.0
11,61,1.0
11,62,1.0
11,63,2.0
11,64,2.0
11,65,3.0
11,66,2.0
11,67,2.0
11,68,3.0
11,69,4.0
11,70,5.0
11,71,5.0
11,72,4.0
11,73,4.0
11,74,5.0
11,75,6.0
11,76,7.0
11,77,8.0
11,78,7.0
11,79,6.0
11,80,6.0
11,81,5.0
11,82,5.0
11,83,4.0
11,84,4.0
11,85,3.0
11,86,3.0
11,87,2.0
11,88,2.0
11,89,1.0
11,90,1.0
11,91,1.0
11,92,1.0
11,93,1.0
11,94,1.0
11,95,2.0
11,96,2.0
11,97,2.0
11,98,2.0
11,99,1.0
11,100,1.0
11,101,1.0
11,102,1.0
11,103,2.0
11,104,2.0
11,105,2.0
11,106,2.0
11,107,1.0
11,108,1.0
11,109,1.0
11,110,1.0
11,111,2.0
11,112,2.0
11,113,2.0
11,114,2.0
11,115,1.0
11,116,1.0
11,117,1.0
11,118,1.0
11,119,2.0
11,120,2.0
11,121,1.0
11,122,1.0
11,123,1.0
11,124,1.0
11,125,0.0
11,126,0.0
11,127,0.0
11,128,0.0
11,129,0.0
11,130,0.0
11,131,0.0
11,132,0.0
11,133,0.0
11,134,0.0
11,135,0.0
11,136,0.0
11,137,0.0
11,138,0.0
11,139,0.0
11,140,0.0
11,141,0.0
11,142,0.0
11,143,0.0
11,144,0.0
11,145,1.0
11,146,1.0
11,147,1.0
11,148,1.0
11,149,2.0
11,150,2.0
11,151,2.0
11,152,2.0
11,153,1.0
11,154,1.0
11,155,1.0
11,156,1.0
11,157,0.0
11,158,0.0
11,159,0.0
11,160,0.0
11,161,0.0
11,162,0.0
11,163,0.0
11,164,0.0
11,165,0.0
11,166,0.0
11,167,0.0
11,168,0.0
11,169,0.0
11,170,0.0
11,171,0.0
11,172,0.0
11,173,0.0
11,174,0.0
11,175,0.0
11,176,0.0
11,177,0.0
11,178,1.0
11,179,1.0
11,180,0.0
11,181,0.0
11,182,0.0
11,183,0.0
11,184,0.0
11,185,1.0
11,186,1.0
11,187,0.0
11,188,0.0
11,189,0.0
11,190,0.0
11,191,1.0
11,192,1.0
11,193,2.0
11,194,2.0
11,195,3.0
11,196,3.0
11,197,4.0
11,198,4.0
11,199,3.0
11,200,3.0
11,201,2.0
11,202,2.0
11,203,2.0
11,204,1.0
11,205,0.0
11,206,0.0
11,207,0.0
11,208,0.0
11,209,0.0
11,210,1.0
11,211,1.0
11,212,1.0
11,213,1.0
11,214,1.0
11,215,1.0
11,216,1.0
11,217,1.0
11,218,1.0
11,219,1.0
11,220,1.0
11,221,1.0
11,222,1.0
11,223,1.0
11,224,1.0
11,225,1.0
11,226,1.0
11,227,1.0
11,228,1.0
11,229,1.0
11,230,1.0
11,231,1.0
11,232,1.0
11,233,0.0
11,234,0.0
11,235,1.0
11,236,1.0
11,237,1.0
11,238,0.0
11,239,1.0
11,240,0.0
11,241,0.0
11,242,0.0
11,243,0.0
11,244,0.0
11,245,0.0
11,246,0.0
11,247,0.0
11,248,0.0
11,249,0.0
11,250,0.0
11,251,0.0
11,252,1.0
11,253,0.0
11,254,0.0
11,255,0.0
11,256,0.0
11,257,0.0
11,258,0.0
11,259,0.0
11,260,0.0
11,261,0.0
11,262,0.0
11,263,0.0
11,264,0.0
11,265,0.0
11,266,0.0
11,267,0.0
11,268,0.0
11,269,1.0
11,270,0.0
11,271,0.0
11,272,0.0
11,273,1.0
11,274,0.0
11,275,0.0
11,276,0.0
11,277,0.0
11,278,0.0
11,279,0.0
11,280,0.0
11,281,0.0
11,282,0.0
11,283,0.0
11,284,0.0
11,285,0.0
11,286,0.0
11,287,0.0
11,288,0.0
11,289,0.0
11,290,0.0
11,291,0.0
11,292,0.0
11,293,0.0
11,294,0.0
11,295,0.0
11,296,0.0
11,297,1.0
11,298,1.0
11,299,1.0
11,300,1.0
11,301,1.0
11,302,1.0
11,303,1.0
11,304,1.0
11,305,2.0
11,306,2.0
11,307,1.0
11,308,1.0
11,309,1.0
11,310,2.0
11,311,1.0
11,312,1.0
11,313,1.0
11,314,0.0
11,315,1.0
11,316,0.0
11,317,1.0
11,318,4.0
11,319,5.0
11,320,4.0
11,321,0.0
11,322,0.0
11,323,1.0
11,324,1.0
11,325,2.0
11,326,1.0
11,327,1.0
11,328,4.0
11,329,10.0
11,330,5.0
11,331,5.0
11,332,5.0
11,333,5.0
11,334,5.0
11,335,5.0
11,336,3.0
11,337,2.0
11,338,2.0
11,339,1.0
11,340,1.0
11,341,1.0
11,342,1.0
11,343,6.0
11,344,11.0
11,345,14.0
11,346,16.0
11,347,21.0
11,348,22.0
11,349,22.0
11,350,29.0
11,351,24.0
11,352,18.0
11,353,11.0
11,354,6.0
11,355,4.0
11,356,4.0
11,357,1.0
11,358,2.0
11,359,5.0
11,360,10.0
11,361,6.0
11,362,4.0
11,363,4.0
11,364,4.0
11,365,5.0
11,366,1.0
11,367,11.0
11,368,13.0
11,369,15.0
11,370,11.0
11,371,9.0
11,372,7.0
11,373,5.0
11,374,3.0
11,375,2.0
11,376,2.0
11,377,1.0
11,378,2.0
11,379,3.0
11,380,5.0
11,381,7.0
11,382,10.0
11,383,13.0
11,384,17.0
11,385,21.0
11,386,25.0
11,387,29.0
11,388,25.0
11,389,21.0
11,390,18.0
11,391,14.0
11,392,10.0
11,393,6.0
11,394,4.0
11,395,2.0
11,396,1.0
11,397,7.0
11,398,17.0
11,399,20.0
11,400,28.0
11,401,25.0
11,402,20.0
11,403,13.0
11,404,15.0
11,405,20.0
11,406,20.0
11,407,19.0
11,408,28.0
11,409,25.0
11,410,22.0
11,411,17.0
11,412,8.0
11,413,10.0
11,414,12.0
11,415,15.0
11,416,14.0
11,417,13.0
11,418,12.0
11,419,11.0
11,420,10.0
11,421,9.0
11,422,8.0
11,423,7.0
11,424,4.0
11,425,1.0
11,426,1.0
11,427,1.0
11,428,2.0
11,429,2.0
11,430,3.0
11,431,2.0
11,432,2.0
11,433,3.0
11,434,4.0
11,435,5.0
11,436,5.0
11,437,4.0
11,438,4.0
11,439,5.0
11,440,6.0
11,441,7.0
11,442,8.0
11,443,7.0
11,444,6.0
11,445,6.0
11,446,5.0
11,447,5.0
11,448,4.0
11,449,4.0
11,450,3.0
11,451,3.0
11,452,2.0
11,453,2.0
11,454,1.0
11,455,1.0
11,456,1.0
11,457,1.0
11,458,1.0
11,459,1.0
11,460,2.0
11,461,2.0
11,462,2.0
11,463,2.0
11,464,1.0
11,465,1.0
11,466,1.0
11,467,1.0
11,468,2.0
11,469,2.0
11,470,2.0
11,471,2.0
11,472,1.0
11,473,1.0
11,474,1.0
11,475,1.0
11,476,2.0
11,477,2.0
11,478,2.0
11,479,2.0
11,480,1.0
11,481,1.0
11,482,1.0
11,483,1.0
11,484,2.0
11,485,2.0
11,486,1.0
11,487,1.0
11,488,1.0
11,489,1.0
11,490,0.0
11,491,0.0
11,492,0.0
11,493,0.0
11,494,0.0
11,495,0.0
11,496,0.0
11,497,0.0
11,498,0.0
11,499,0.0
11,500,0.0
11,501,0.0
11,502,0.0
11,503,0.0
11,504,0.0
11,505,0.0
11,506,0.0
11,507,0.0
11,508,0.0
11,509,0.0
11,510,1.0
11,511,1.0
11,512,1.0
11,513,1.0
11,514,2.0
11,515,2.0
11,516,2.0
11,517,2.0
11,518,1.0
11,519,1.0
11,520,1.0
11,521,1.0
11,522,0.0
11,523,0.0
11,524,0.0
11,525,0.0
11,526,0.0
11,527,0.0
11,528,0.0
11,529,0.0
11,530,0.0
11,531,0.0
11,532,0.0
11,533,0.0
11,534,0.0
11,535,0.0
11,536,0.0
11,537,0.0
11,538,0.0
11,539,0.0
11,540,0.0
11,541,0.0
11,542,0.0
11,543,1.0
11,544,1.0
11,545,0.0
11,546,0.0
11,547,0.0
11,548,0.0
11,549,0.0
11,550,1.0
11,551,1.0
11,552,0.0
11,553,0.0
11,554,0.0
11,555,0.0
11,556,1.0
11,557,1.0
11,558,2.0
11,559,2.0
11,560,3.0
11,561,3.0
11,562,4.0
11,563,4.0
11,564,3.0
11,565,3.0
11,566,2.0
11,567,2.0
11,568,2.0
11,569,1.0
11,570,0.0
11,571,0.0
11,572,0.0
11,573,0.0
11,574,0.0
11,575,1.0
11,576,1.0
11,577,1.0
11,578,1.0
11,579,1.0
11,580,1.0
11,581,1.0
11,582,1.0
11,583,1.0
11,584,1.0
11,585,1.0
11,586,1.0
11,587,1.0
11,588,1.0
11,589,1.0
11,590,1.0
11,591,1.0
11,592,1.0
11,593,1.0
11,594,1.0
11,595,1.0
11,596,1.0
11,597,1.0
11,598,0.0
11,599,0.0
11,600,1.0
11,601,1.0
11,602,1.0
11,603,0.0
11,604,1.0
11,605,0.0
11,606,0.0
11,607,0.0
11,608,0.0
11,609,0.0
11,610,0.0
11,611,0.0
11,612,0.0
11,613,0.0
11,614,0.0
11,615,0.0
11,616,0.0
11,617,1.0
11,618,0.0
11,619,0.0
11,620,0.0
11,621,0.0
11,622,0.0
11,623,0.0
11,624,0.0
11,625,0.0
11,626,0.0
11,627,0.0
11,628,0.0
11,629,0.0
11,630,0.0
11,631,0.0
11,632,0.0
11,633,0.0
11,634,1.0
11,635,0.0
11,636,0.0
11,637,0.0
11,638,1.0
11,639,0.0
11,640,0.0
11,641,0.0
11,642,0.0
11,643,0.0
11,644,0.0
11,645,0.0
11,646,0.0
11,647,0.0
11,648,0.0
11,649,0.0
11,650,0.0
11,651,0.0
11,652,0.0
11,653,0.0
11,654,0.0
11,655,0.0
11,656,0.0
11,657,0.0
11,658,0.0
11,659,0.0
11,660,0.0
11,661,0.0
11,662,1.0
11,663,1.0
11,664,1.0
11,665,1.0
11,666,1.0
11,667,1.0
11,668,1.0
11,669,1.0
11,670,2.0
11,671,2.0
11,672,1.0
11,673,1.0
11,674,1.0
11,675,2.0
11,676,1.0
11,677,1.0
11,678,1.0
11,679,0.0
11,680,1.0
11,681,0.0
11,682,1.0
11,683,4.0
11,684,5.0
11,685,4.0
11,686,0.0
11,687,0.0
11,688,1.0
11,689,1.0
11,690,2.0
11,691,1.0
11,692,1.0
11,693,4.0
11,694,10.0
11,695,5.0
11,696,5.0
11,697,5.0
11,698,5.0
11,699,5.0
11,700,5.0
11,701,3.0
11,702,2.0
11,703,2.0
11,704,1.0
11,705,1.0
11,706,1.0
11,707,1.0
11,708,6.0
11,709,11.0
11,710,14.0
11,711,16.0
11,712,21.0
11,713,22.0
11,714,22.0
11,715,29.0
11,716,24.0
11,717,18.0
11,718,11.0
11,719,6.0
11,720,4.0
11,721,4.0
11,722,1.0
11,723,2.0
11,724,5.0
11,725,10.0
11,726,6.0
11,727,4.0
11,728,4.0
11,729,4.0
11,730,5.0
11,731,1.0
11,732,11.0
11,733,13.0
11,734,15.0
11,735,11.0
11,736,9.0
11,737,7.0
11,738,5.0
11,739,3.0
11,740,2.0
11,741,2.0
11,742,1.0
11,743,2.0
11,744,3.0
11,745,5.0
11,746,7.0
11,747,10.0
11,748,13.0
11,749,17.0
11,750,21.0
11,751,25.0
11,752,29.0
11,753,25.0
11,754,21.0
11,755,18.0
11,756,14.0
11,757,10.0
11,758,6.0
11,759,4.0
11,760,2.0
11,761,1.0
11,762,7.0
11,763,17.0
11,764,20.0
11,765,28.0
11,766,25.0
11,767,20.0
11,768,13.0
11,769,15.0
11,770,20.0
11,771,20.0
11,772,19.0
11,773,28.0
11,774,25.0
11,775,22.0
11,776,17.0
11,777,8.0
11,778,10.0
11,779,12.0
11,780,15.0
11,781,14.0
11,782,13.0
11,783,12.0
11,784,11.0
11,785,10.0
11,786,9.0
11,787,8.0
11,788,7.0
11,789,4.0
11,790,1.0
11,791,1.0
11,792,1.0
11,793,2.0
11,794,2.0
11,795,3.0
11,796,2.0
11,797,2.0
11,798,3.0
11,799,4.0
11,800,5.0
11,801,5.0
11,802,4.0
11,803,4.0
11,804,5.0
11,805,6.0
11,806,7.0
11,807,8.0
11,808,7.0
11,809,6.0
11,810,6.0
11,811,5.0
11,812,5.0
11,813,4.0
11,814,4.0
11,815,3.0
11,816,3.0
11,817,2.0
11,818,2.0
11,819,1.0
11,820,1.0
11,821,1.0
11,822,1.0
11,823,1.0
11,824,1.0
11,825,2.0
11,826,2.0
11,827,2.0
11,828,2.0
11,829,1.0
11,830,1.0
11,831,1.0
11,832,1.0
11,833,2.0
11,834,2.0
11,835,2.0
11,836,2.0
11,837,1.0
11,838,1.0
11,839,1.0
11,840,1.0
11,841,2.0
11,842,2.0
11,843,2.0
11,844,2.0
11,845,1.0
11,846,1.0
11,847,1.0
11,848,1.0
11,849,2.0
11,850,2.0
11,851,1.0
11,852,1.0
11,853,1.0
11,854,1.0
11,855,0.0
11,856,0.0
11,857,0.0
11,858,0.0
11,859,0.0
11,860,0.0
11,861,0.0
11,862,0.0
11,863,0.0
11,864,0.0
11,865,0.0
11,866,0.0
11,867,0.0
11,868,0.0
11,869,0.0
11,870,0.0
11,871,0.0
11,872,0.0
11,873,0.0
11,874,0.0
11,875,1.0
11,876,1.0
11,877,1.0
11,878,1.0
11,879,2.0
11,880,2.0
11,881,2.0
11,882,2.0
11,883,1.0
11,884,1.0
11,885,1.0
11,886,1.0
11,887,0.0
11,888,0.0
11,889,0.0
11,890,0.0
11,891,0.0
11,892,0.0
11,893,0.0
11,894,0.0
11,895,0.0
11,896,0.0
11,897,0.0
11,898,0.0
11,899,0.0
11,900,0.0
11,901,0.0
11,902,0.0
11,903,0.0
11,904,0.0
11,905,0.0
11,906,0.0
11,907,0.0
11,908,1.0
11,909,1.0
11,910,0.0
11,911,0.0
11,912,0.0
11,913,0.0
11,914,0.0
11,915,1.0
11,916,1.0
11,917,0.0
11,918,0.0
11,919,0.0
11,920,0.0
11,921,1.0
11,922,1.0
11,923,2.0
11,924,2.0
11,925,3.0
11,926,3.0
11,927,4.0
11,928,4.0
11,929,3.0
11,930,3.0
11,931,2.0
11,932,2.0
11,933,2.0
11,934,1.0
11,935,0.0
11,936,0.0
11,937,0.0
11,938,0.0
11,939,0.0
11,940,1.0
11,941,1.0
11,942,1.0
11,943,1.0
11,944,1.0
11,945,1.0
11,946,1.0
11,947,1.0
11,948,1.0
11,949,1.0
11,950,1.0
11,951,1.0
11,952,1.0
11,953,1.0
11,954,1.0
11,955,1.0
11,956,1.0
11,957,1.0
11,958,1.0
11,959,1.0
11,960,1.0
11,961,1.0
11,962,1.0
11,963,0.0
11,964,0.0
11,965,1.0
11,966,1.0
11,967,1.0
11,968,0.0
11,969,1.0
11,970,0.0
11,971,0.0
11,972,0.0
11,973,0.0
11,974,0.0
11,975,0.0
11,976,0.0
11,977,0.0
11,978,0.0
11,979,0.0
11,980,0.0
11,981,0.0
11,982,1.0
11,983,0.0
11,984,0.0
11,985,0.0
11,986,0.0
11,987,0.0
11,988,0.0
11,989,0.0
11,990,0.0
11,991,0.0
11,992,0.0
11,993,0.0
11,994,0.0
11,995,0.0
11,996,0.0
11,997,0.0
11,998,0.0
11,999,1.0
11,1000,0.0
11,1001,0.0
11,1002,0.0
11,1003,1.0
11,1004,0.0
11,1005,0.0
11,1006,0.0
11,1007,0.0
11,1008,0.0
11,1009,0.0
11,1010,0.0
11,1011,0.0
11,1012,0.0
11,1013,0.0
11,1014,0.0
11,1015,0.0
11,1016,0.0
11,1017,0.0
11,1018,0.0
11,1019,0.0
11,1020,0.0
11,1021,0.0
11,1022,0.0
11,1023,0.0
11,1024,0.0
11,1025,0.0
11,1026,0.0
11,1027,1.0
11,1028,1.0
11,1029,1.0
11,1030,1.0
11,1031,1.0
11,1032,1.0
11,1033,1.0
11,1034,1.0
11,1035,2.0
11,1036,2.0
11,1037,1.0
11,1038,1.0
11,1039,1.0
11,1040,2.0
11,1041,1.0
11,1042,1.0
11,1043,1.0
11,1044,0.0
11,1045,1.0
11,1046,0.0
11,1047,1.0
11,1048,4.0
11,1049,5.0
11,1050,4.0
11,1051,0.0
11,1052,0.0
11,1053,1.0
11,1054,1.0
11,1055,2.0
11,1056,1.0
11,1057,1.0
11,1058,4.0
11,1059,10.0
11,1060,5.0
11,1061,5.0
11,1062,5.0
11,1063,5.0
11,1064,5.0
11,1065,5.0
11,1066,3.0
11,1067,2.0
11,1068,2.0
11,1069,1.0
11,1070,1.0
11,1071,1.0
11,1072,1.0
11,1073,6.0
11,1074,11.0
11,1075,14.0
11,1076,16.0
11,1077,21.0
11,1078,22.0
11,1079,22.0
11,1080,29.0
11,1081,24.0
11,1082,18.0
11,1083,11.0
11,1084,6.0
11,1085,4.0
11,1086,4.0
11,1087,1.0
11,1088,2.0
11,1089,5.0
11,1090,10.0
11,1091,6.0
11,1092,4.0
11,1093,4.0
11,1094,4.0
11,1095,5.0
11,1096,1.0
11,1097,11.0
11,1098,13.0
11,1099,15.0
11,1100,11.0
11,1101,9.0
11,1102,7.0
11,1103,5.0
11,1104,3.0
11,1105,2.0
11,1106,2.0
11,1107,1.0
11,1108,2.0
11,1109,3.0
11,1110,5.0
11,1111,7.0
11,1112,10.0
11,1113,13.0
11,1114,17.0
11,1115,21.0
11,1116,25.0
11,1117,29.0
11,1118,25.0
11,1119,21.0
11,1120,18.0
11,1121,14.0
11,1122,10.0
11,1123,6.0
11,1124,4.0
11,1125,2.0
11,1126,1.0
11,1127,7.0
11,1128,17.0
11,1129,20.0
11,1130,28.0
11,1131,25.0
11,1132,20.0
11,1133,13.0
11,1134,15.0
11,1135,20.0
11,1136,20.0
11,1137,19.0
11,1138,28.0
11,1139,25.0
11,1140,22.0
11,1141,17.0
11,1142,8.0
11,1143,10.0
11,1144,12.0
11,1145,15.0
11,1146,14.0
11,1147,13.0
11,1148,12.0
11,1149,11.0
11,1150,10.0
11,1151,9.0
11,1152,8.0
11,1153,7.0
11,1154,4.0
11,1155,1.0
11,1156,1.0
11,1157,1.0
11,1158,2.0
11,1159,2.0
11,1160,3.0
11,1161,2.0
11,1162,2.0
11,1163,3.0
11,1164,4.0
11,1165,5.0
11,1166,5.0
11,1167,4.0
11,1168,4.0
11,1169,5.0
11,1170,6.0
11,1171,7.0
11,1172,8.0
11,1173,7.0
11,1174,6.0
11,1175,6.0
11,1176,5.0
11,1177,5.0
11,1178,4.0
11,1179,4.0
11,1180,3.0
11,1181,3.0
11,1182,2.0
11,1183,2.0
11,1184,1.0
11,1185,1.0
11,1186,1.0
11,1187,1.0
11,1188,1.0
11,1189,1.0
11,1190,2.0
11,1191,2.0
11,1192,2.0
11,1193,2.0
11,1194,1.0
11,1195,1.0
11,1196,1.0
11,1197,1.0
11,1198,2.0
11,1199,2.0
11,1200,2.0
11,1201,2.0
11,1202,1.0
11,1203,1.0
11,1204,1.0
11,1205,1.0
11,1206,2.0
11,1207,2.0
11,1208,2.0
11,1209,2.0
11,1210,1.0
11,1211,1.0
11,1212,1.0
11,1213,1.0
11,1214,2.0
11,1215,2.0
11,1216,1.0
11,1217,1.0
11,1218,1.0
11,1219,1.0
11,1220,0.0
11,1221,0.0
11,1222,0.0
11,1223,0.0
11,1224,0.0
11,1225,0.0
11,1226,0.0
11,1227,0.0
11,1228,0.0
11,1229,0.0
11,1230,0.0
11,1231,0.0
11,1232,0.0
11,1233,0.0
11,1234,0.0
11,1235,0.0
11,1236,0.0
11,1237,0.0
11,1238,0.0
11,1239,0.0
11,1240,1.0
11,1241,1.0
11,1242,1.0
11,1243,1.0
11,1244,2.0
11,1245,2.0
11,1246,2.0
11,1247,2.0
11,1248,1.0
11,1249,1.0
11,1250,1.0
11,1251,1.0
11,1252,0.0
11,1253,0.0
11,1254,0.0
11,1255,0.0
11,1256,0.0
11,1257,0.0
11,1258,0.0
11,1259,0.0
11,1260,0.0
11,1261,0.0
11,1262,0.0
11,1263,0.0
11,1264,0.0
11,1265,0.0
11,1266,0.0
11,1267,0.0
11,1268,0.0
11,1269,0.0
11,1270,0.0
11,1271,0.0
11,1272,0.0
11,1273,1.0
11,1274,1.0
11,1275,0.0
11,1276,0.0
11,1277,0.0
11,1278,0.0
11,1279,0.0
11,1280,1.0
11,1281,1.0
11,1282,0.0
11,1283,0.0
11,1284,0.0
11,1285,0.0
11,1286,1.0
11,1287,1.0
11,1288,2.0
11,1289,2.0
11,1290,3.0
11,1291,3.0
11,1292,4.0
11,1293,4.0
11,1294,3.0
11,1295,3.0
11,1296,2.0
11,1297,2.0
11,1298,2.0
11,1299,1.0
11,1300,0.0
11,1301,0.0
11,1302,0.0
11,1303,0.0
11,1304,0.0
11,1305,1.0
11,1306,1.0
11,1307,1.0
11,1308,1.0
11,1309,1.0
11,1310,1.0
11,1311,1.0
11,1312,1.0
11,1313,1.0
11,1314,1.0
11,1315,1.0
11,1316,1.0
11,1317,1.0
11,1318,1.0
11,1319,1.0
11,1320,1.0
11,1321,1.0
11,1322,1.0
11,1323,1.0
11,1324,1.0
11,1325,1.0
11,1326,1.0
11,1327,1.0
11,1328,0.0
11,1329,0.0
11,1330,1.0
11,1331,1.0
11,1332,1.0
11,1333,0.0
11,1334,1.0
11,1335,0.0
11,1336,0.0
11,1337,0.0
11,1338,0.0
11,1339,0.0
11,1340,0.0
11,1341,0.0
11,1342,0.0
11,1343,0.0
11,1344,0.0
11,1345,0.0
11,1346,0.0
11,1347,1.0
11,1348,0.0
11,1349,0.0
11,1350,0.0
11,1351,0.0
11,1352,0.0
11,1353,0.0
11,1354,0.0
11,1355,0.0
11,1356,0.0
11,1357,0.0
11,1358,0.0
11,1359,0.0
11,1360,0.0
11,1361,0.0
11,1362,0.0
11,1363,0.0
11,1364,1.0
11,1365,0.0
11,1366,0.0
11,1367,0.0
11,1368,1.0
11,1369,0.0
11,1370,0.0
11,1371,0.0
11,1372,0.0
11,1373,0.0
11,1374,0.0
11,1375,0.0
11,1376,0.0
11,1377,0.0
11,1378,0.0
11,1379,0.0
11,1380,0.0
11,1381,0.0
11,1382,0.0
11,1383,0.0
11,1384,0.0
11,1385,0.0
11,1386,0.0
11,1387,0.0
11,1388,0.0
11,1389,0.0
11,1390,0.0
11,1391,0.0
11,1392,1.0
11,1393,1.0
11,1394,1.0
11,1395,1.0
11,1396,1.0
11,1397,1.0
11,1398,1.0
11,1399,1.0
11,1400,2.0
11,1401,2.0
11,1402,1.0
11,1403,1.0
11,1404,1.0
11,1405,2.0
11,1406,1.0
11,1407,1.0
11,1408,1.0
11,1409,0.0
11,1410,1.0
11,1411,0.0
11,1412,1.0
11,1413,4.0
11,1414,5.0
11,1415,4.0
11,1416,0.0
11,1417,0.0
11,1418,1.0
11,1419,1.0
11,1420,2.0
11,1421,1.0
11,1422,1.0
11,1423,4.0
11,1424,10.0
11,1425,5.0
11,1426,5.0
11,1427,5.0
11,1428,5.0
11,1429,5.0
11,1430,5.0
11,1431,3.0
11,1432,2.0
11,1433,2.0
11,1434,1.0
11,1435,1.0
11,1436,1.0
11,1437,1.0
11,1438,6.0
11,1439,11.0
11,1440,14.0
11,1441,16.0
11,1442,21.0
11,1443,22.0
11,1444,22.0
11,1445,29.0
11,1446,24.0
11,1447,18.0
11,1448,11.0
11,1449,6.0
11,1450,4.0
11,1451,4.0
11,1452,1.0
11,1453,2.0
11,1454,5.0
11,1455,10.0
11,1456,6.0
11,1457,4.0
11,1458,4.0
11,1459,4.0
11,1460,5.0
11,1461,5.0
12,1,0.0
12,2,0.0
12,3,0.0
12,4,0.0
12,5,0.0
12,6,0.0
12,7,0.0
12,8,0.0
12,9,0.0
12,10,0.0
12,11,0.0
12,12,0.0
12,13,0.0
12,14,0.0
12,15,0.0
12,16,0.0
12,17,0.0
12,18,0.0
12,19,0.0
12,20,0.0
12,21,0.0
12,22,0.0
12,23,0.0
12,24,0.0
12,25,0.0
12,26,0.0
12,27,0.0
12,28,0.0
12,29,0.0
12,30,0.0
12,31,0.0
12,32,0.0
12,33,0.0
12,34,0.0
12,35,0.0
12,36,0.0
12,37,0.0
12,38,0.0
12,39,0.0
12,40,0.0
12,41,0.0
12,42,0.0
12,43,0.0
12,44,0.0
12,45,0.0
12,46,0.0
12,47,0.0
12,48,0.0
12,49,0.0
12,50,0.0
12,51,0.0
12,52,0.0
12,53,0.0
12,54,0.0
12,55,0.0
12,56,0.0
12,57,0.0
12,58,0.0
12,59,0.0
12,60,0.0
12,61,0.0
12,62,0.0
12,63,0.0
12,64,0.0
12,65,0.0
12,66,0.0
12,67,0.0
12,68,0.0
12,69,0.0
12,70,0.0
12,71,0.0
12,72,0.0
12,73,0.0
12,74,0.0
12,75,0.0
12,76,0.0
12,77,0.0
12,78,0.0
12,79,0.0
12,80,0.0
12,81,0.0
12,82,0.0
12,83,0.0
12,84,0.0
12,85,0.0
12,86,0.0
12,87,0.0
12,88,0.0
12,89,0.0
12,90,0.0
12,91,0.0
12,92,0.0
12,93,0.0
12,94,0.0
12,95,0.0
12,96,0.0
12,97,0.0
12,98,0.0
12,99,0.0
12,100,0.0
12,101,0.0
12,102,0.0
12,103,0.0
12,104,0.0
12,105,0.0
12,106,0.0
12,107,0.0
12,108,0.0
12,109,0.0
12,110,0.0
12,111,0.0
12,112,0.0
12,113,0.0
12,114,0.0
12,115,0.0
12,116,0.0
12,117,0.0
12,118,0.0
12,119,0.0
12,120,0.0
12,121,0.0
12,122,0.0
12,123,0.0
12,124,0.0
12,125,0.0
12,126,0.0
12,127,0.0
12,128,0.0
12,129,0.0
12,130,0.0
12,131,0.0
12,132,0.0
12,133,0.0
12,134,0.0
12,135,0.0
12,136,0.0
12,137,0.0
12,138,0.0
12,139,0.0
12,140,0.0
12,141,0.0
12,142,0.0
12,143,0.0
12,144,0.0
12,145,0.0
12,146,0.0
12,147,0.0
12,148,0.0
12,149,0.0
12,150,0.0
12,151,0.0
12,152,0.0
12,153,0.0
12,154,0.0
12,155,0.0
12,156,0.0
12,157,0.0
12,158,0.0
12,159,0.0
12,160,0.0
12,161,0.0
12,162,0.0
12,163,0.0
12,164,0.0
12,165,0.0
12,166,0.0
12,167,0.0
12,168,0.0
12,169,0.0
12,170,0.0
12,171,0.0
12,172,0.0
12,173,0.0
12,174,0.0
12,175,0.0
12,176,0.0
12,177,0.0
12,178,0.0
12,179,0.0
12,180,0.0
12,181,0.0
12,182,0.0
12,183,0.0
12,184,0.0
12,185,0.0
12,186,0.0
12,187,0.0
12,188,0.0
12,189,0.0
12,190,0.0
12,191,0.0
12,192,0.0
12,193,0.0
12,194,0.0
12,195,0.0
12,196,0.0
12,197,0.0
12,198,0.0
12,199,0.0
12,200,0.0
12,201,0.0
12,202,0.0
12,203,0.0
12,204,0.0
12,205,0.0
12,206,0.0
12,207,0.0
12,208,0.0
12,209,0.0
12,210,0.0
12,211,0.0
12,212,0.0
12,213,0.0
12,214,0.0
12,215,0.0
12,216,0.0
12,217,0.0
12,218,0.0
12,219,0.0
12,220,0.0
12,221,0.0
12,222,0.0
12,223,0.0
12,224,0.0
12,225,0.0
12,226,0.0
12,227,0.0
12,228,0.0
12,229,0.0
12,230,0.0
12,231,0.0
12,232,0.0
12,233,0.0
12,234,0.0
12,235,0.0
12,236,0.0
12,237,0.0
12,238,0.0
12,239,0.0
12,240,0.0
12,241,0.0
12,242,0.0
12,243,0.0
12,244,0.0
12,245,0.0
12,246,0.0
12,247,0.0
12,248,0.0
12,249,0.0
12,250,0.0
12,251,0.0
12,252,0.0
12,253,0.0
12,254,0.0
12,255,0.0
12,256,0.0
12,257,0.0
12,258,0.0
12,259,0.0
12,260,0.0
12,261,0.0
12,262,0.0
12,263,0.0
12,264,0.0
12,265,0.0
12,266,0.0
12,267,0.0
12,268,0.0
12,269,0.0
12,270,0.0
12,271,0.0
12,272,0.0
12,273,0.0
12,274,0.0
12,275,0.0
12,276,0.0
12,277,0.0
12,278,0.0
12,279,0.0
12,280,0.0
12,281,0.0
12,282,0.0
12,283,0.0
12,284,0.0
12,285,0.0
12,286,0.0
12,287,0.0
12,288,0.0
12,289,0.0
12,290,0.0
12,291,0.0
12,292,0.0
12,293,0.0
12,294,0.0
12,295,0.0
12,296,0.0
12,297,0.0
12,298,0.0
12,299,0.0
12,300,0.0
12,301,0.0
12,302,0.0
12,303,0.0
12,304,0.0
12,305,0.0
12,306,0.0
12,307,0.0
12,308,0.0
12,309,0.0
12,310,0.0
12,311,0.0
12,312,0.0
12,313,0.0
12,314,0.0
12,315,0.0
12,316,0.0
12,317,0.0
12,318,0.0
12,319,0.0
12,320,0.0
12,321,0.0
12,322,0.0
12,323,0.0
12,324,0.0
12,325,0.0
12,326,0.0
12,327,0.0
12,328,0.0
12,329,0.0
12,330,0.0
12,331,0.0
12,332,0.0
12,333,0.0
12,334,0.0
12,335,0.0
12,336,0.0
12,337,0.0
12,338,0.0
12,339,0.0
12,340,0.0
12,341,0.0
12,342,0.0
12,343,0.0
12,344,0.0
12,345,0.0
12,346,0.0
12,347,0.0
12,348,0.0
12,349,0.0
12,350,0.0
12,351,0.0
12,352,0.0
12,353,0.0
12,354,0.0
12,355,0.0
12,356,0.0
12,357,0.0
12,358,0.0
12,359,0.0
12,360,0.0
12,361,0.0
12,362,0.0
12,363,0.0
12,364,0.0
12,365,0.0
12,366,0.0
12,367,0.0
12,368,0.0
12,369,0.0
12,370,0.0
12,371,0.0
12,372,0.0
12,373,0.0
12,374,0.0
12,375,0.0
12,376,0.0
12,377,0.0
12,378,0.0
12,379,0.0
12,380,0.0
12,381,0.0
12,382,0.0
12,383,0.0
12,384,0.0
12,385,0.0
12,386,0.0
12,387,0.0
12,388,0.0
12,389,0.0
12,390,0.0
12,391,0.0
12,392,0.0
12,393,0.0
12,394,0.0
12,395,0.0
12,396,0.0
12,397,0.0
12,398,0.0
12,399,0.0
12,400,0.0
12,401,0.0
12,402,0.0
12,403,0.0
12,404,0.0
12,405,0.0
12,406,0.0
12,407,0.0
12,408,0.0
12,409,0.0
12,410,0.0
12,411,0.0
12,412,0.0
12,413,0.0
12,414,0.0
12,415,0.0
12,416,0.0
12,417,0.0
12,418,0.0
12,419,0.0
12,420,0.0
12,421,0.0
12,422,0.0
12,423,0.0
12,424,0.0
12,425,0.0
12,426,0.0
12,427,0.0
12,428,0.0
12,429,0.0
12,430,0.0
12,431,0.0
12,432,0.0
12,433,0.0
12,434,0.0
12,435,0.0
12,436,0.0
12,437,0.0
12,438,0.0
12,439,0.0
12,440,0.0
12,441,0.0
12,442,0.0
12,443,0.0
12,444,0.0
12,445,0.0
12,446,0.0
12,447,0.0
12,448,0.0
12,449,0.0
12,450,0.0
12,451,0.0
12,452,0.0
12,453,0.0
12,454,0.0
12,455,0.0
12,456,0.0
12,457,0.0
12,458,0.0
12,459,0.0
12,460,0.0
12,461,0.0
12,462,0.0
12,463,0.0
12,464,0.0
12,465,0.0
12,466,0.0
12,467,0.0
12,468,0.0
12,469,0.0
12,470,0.0
12,471,0.0
12,472,0.0
12,473,0.0
12,474,0.0
12,475,0.0
12,476,0.0
12,477,0.0
12,478,0.0
12,479,0.0
12,480,0.0
12,481,0.0
12,482,0.0
12,483,0.0
12,484,0.0
12,485,0.0
12,486,0.0
12,487,0.0
12,488,0.0
12,489,0.0
12,490,0.0
12,491,0.0
12,492,0.0
12,493,0.0
12,494,0.0
12,495,0.0
12,496,0.0
12,497,0.0
12,498,0.0
12,499,0.0
12,500,0.0
12,501,0.0
12,502,0.0
12,503,0.0
12,504,0.0
12,505,0.0
12,506,0.0
12,507,0.0
12,508,0.0
12,509,0.0
12,510,0.0
12,511,0.0
12,512,0.0
12,513,0.0
12,514,0.0
12,515,0.0
12,516,0.0
12,517,0.0
12,518,0.0
12,519,0.0
12,520,0.0
12,521,0.0
12,522,0.0
12,523,0.0
12,524,0.0
12,525,0.0
12,526,0.0
12,527,0.0
12,528,0.0
12,529,0.0
12,530,0.0
12,531,0.0
12,532,0.0
12,533,0.0
12,534,0.0
12,535,0.0
12,536,0.0
12,537,0.0
12,538,0.0
12,539,0.0
12,540,0.0
12,541,0.0
12,542,0.0
12,543,0.0
12,544,0.0
12,545,0.0
12,546,0.0
12,547,0.0
12,548,0.0
12,549,0.0
12,550,0.0
12,551,0.0
12,552,0.0
12,553,0.0
12,554,0.0
12,555,0.0
12,556,0.0
12,557,0.0
12,558,0.0
12,559,0.0
12,560,0.0
12,561,0.0
12,562,0.0
12,563,0.0
12,564,0.0
12,565,0.0
12,566,0.0
12,567,0.0
12,568,0.0
12,569,0.0
12,570,0.0
12,571,0.0
12,572,0.0
12,573,0.0
12,574,0.0
12,575,0.0
12,576,0.0
12,577,0.0
12,578,0.0
12,579,0.0
12,580,0.0
12,581,0.0
12,582,0.0
12,583,0.0
12,584,0.0
12,585,0.0
12,586,0.0
12,587,0.0
12,588,0.0
12,589,0.0
12,590,0.0
12,591,0.0
12,592,0.0
12,593,0.0
12,594,0.0
12,595,0.0
12,596,0.0
12,597,0.0
12,598,0.0
12,599,0.0
12,600,0.0
12,601,0.0
12,602,0.0
12,603,0.0
12,604,0.0
12,605,0.0
12,606,0.0
12,607,0.0
12,608,0.0
12,609,0.0
12,610,0.0
12,611,0.0
12,612,0.0
12,613,0.0
12,614,0.0
12,615,0.0
12,616,0.0
12,617,0.0
12,618,0.0
12,619,0.0
12,620,0.0
12,621,0.0
12,622,0.0
12,623,0.0
12,624,0.0
12,625,0.0
12,626,0.0
12,627,0.0
12,628,0.0
12,629,0.0
12,630,0.0
12,631,0.0
12,632,0.0
12,633,0.0
12,634,0.0
12,635,0.0
12,636,0.0
12,637,0.0
12,638,0.0
12,639,0.0
12,640,0.0
12,641,0.0
12,642,0.0
12,643,0.0
12,644,0.0
12,645,0.0
12,646,0.0
12,647,0.0
12,648,0.0
12,649,0.0
12,650,0.0
12,651,0.0
12,652,0.0
12,653,0.0
12,654,0.0
12,655,0.0
12,656,0.0
12,657,0.0
12,658,0.0
12,659,0.0
12,660,0.0
12,661,0.0
12,662,0.0
12,663,0.0
12,664,0.0
12,665,0.0
12,666,0.0
12,667,0.0
12,668,0.0
12,669,0.0
12,670,0.0
12,671,0.0
12,672,0.0
12,673,0.0
12,674,0.0
12,675,0.0
12,676,0.0
12,677,0.0
12,678,0.0
12,679,0.0
12,680,0.0
12,681,0.0
12,682,0.0
12,683,0.0
12,684,0.0
12,685,0.0
12,686,0.0
12,687,0.0
12,688,0.0
12,689,0.0
12,690,0.0
12,691,0.0
12,692,0.0
12,693,0.0
12,694,0.0
12,695,0.0
12,696,0.0
12,697,0.0
12,698,0.0
12,699,0.0
12,700,0.0
12,701,0.0
12,702,0.0
12,703,0.0
12,704,0.0
12,705,0.0
12,706,0.0
12,707,0.0
12,708,0.0
12,709,0.0
12,710,0.0
12,711,0.0
12,712,0.0
12,713,0.0
12,714,0.0
12,715,0.0
12,716,0.0
12,717,0.0
12,718,0.0
12,719,0.0
12,720,0.0
12,721,0.0
12,722,0.0
12,723,0.0
12,724,0.0
12,725,0.0
12,726,0.0
12,727,0.0
12,728,0.0
12,729,0.0
12,730,0.0
12,731,0.0
12,732,0.0
12,733,0.0
12,734,0.0
12,735,0.0
12,736,0.0
12,737,0.0
12,738,0.0
12,739,0.0
12,740,0.0
12,741,0.0
12,742,0.0
12,743,0.0
12,744,0.0
12,745,0.0
12,746,0.0
12,747,0.0
12,748,0.0
12,749,0.0
12,750,0.0
12,751,0.0
12,752,0.0
12,753,0.0
12,754,0.0
12,755,0.0
12,756,0.0
12,757,0.0
12,758,0.0
12,759,0.0
12,760,0.0
12,761,0.0
12,762,0.0
12,763,0.0
12,764,0.0
12,765,0.0
12,766,0.0
12,767,0.0
12,768,0.0
12,769,0.0
12,770,0.0
12,771,0.0
12,772,0.0
12,773,0.0
12,774,0.0
12,775,0.0
12,776,0.0
12,777,0.0
12,778,0.0
12,779,0.0
12,780,0.0
12,781,0.0
12,782,0.0
12,783,0.0
12,784,0.0
12,785,0.0
12,786,0.0
12,787,0.0
12,788,0.0
12,789,0.0
12,790,0.0
12,791,0.0
12,792,0.0
12,793,0.0
12,794,0.0
12,795,0.0
12,796,0.0
12,797,0.0
12,798,0.0
12,799,0.0
12,800,0.0
12,801,0.0
12,802,0.0
12,803,0.0
12,804,0.0
12,805,0.0
12,806,0.0
12,807,0.0
12,808,0.0
12,809,0.0
12,810,0.0
12,811,0.0
12,812,0.0
12,813,0.0
12,814,0.0
12,815,0.0
12,816,0.0
12,817,0.0
12,818,0.0
12,819,0.0
12,820,0.0
12,821,0.0
12,822,0.0
12,823,0.0
12,824,0.0
12,825,0.0
12,826,0.0
12,827,0.0
12,828,0.0
12,829,0.0
12,830,0.0
12,831,0.0
12,832,0.0
12,833,0.0
12,834,0.0
12,835,0.0
12,836,0.0
12,837,0.0
12,838,0.0
12,839,0.0
12,840,0.0
12,841,0.0
12,842,0.0
12,843,0.0
12,844,0.0
12,845,0.0
12,846,0.0
12,847,0.0
12,848,0.0
12,849,0.0
12,850,0.0
12,851,0.0
12,852,0.0
12,853,0.0
12,854,0.0
12,855,0.0
12,856,0.0
12,857,0.0
12,858,0.0
12,859,0.0
12,860,0.0
12,861,0.0
12,862,0.0
12,863,0.0
12,864,0.0
12,865,0.0
12,866,0.0
12,867,0.0
12,868,0.0
12,869,0.0
12,870,0.0
12,871,0.0
12,872,0.0
12,873,0.0
12,874,0.0
12,875,0.0
12,876,0.0
12,877,0.0
12,878,0.0
12,879,0.0
12,880,0.0
12,881,0.0
12,882,0.0
12,883,0.0
12,884,0.0
12,885,0.0
12,886,0.0
12,887,0.0
12,888,0.0
12,889,0.0
12,890,0.0
12,891,0.0
12,892,0.0
12,893,0.0
12,894,0.0
12,895,0.0
12,896,0.0
12,897,0.0
12,898,0.0
12,899,0.0
12,900,0.0
12,901,0.0
12,902,0.0
12,903,0.0
12,904,0.0
12,905,0.0
12,906,0.0
12,907,0.0
12,908,0.0
12,909,0.0
12,910,0.0
12,911,0.0
12,912,0.0
12,913,0.0
12,914,0.0
12,915,0.0
12,916,0.0
12,917,0.0
12,918,0.0
12,919,0.0
12,920,0.0
12,921,0.0
12,922,0.0
12,923,0.0
12,924,0.0
12,925,0.0
12,926,0.0
12,927,0.0
12,928,0.0
12,929,0.0
12,930,0.0
12,931,0.0
12,932,0.0
12,933,0.0
12,934,0.0
12,935,0.0
12,936,0.0
12,937,0.0
12,938,0.0
12,939,0.0
12,940,0.0
12,941,0.0
12,942,0.0
12,943,0.0
12,944,0.0
12,945,0.0
12,946,0.0
12,947,0.0
12,948,0.0
12,949,0.0
12,950,0.0
12,951,0.0
12,952,0.0
12,953,0.0
12,954,0.0
12,955,0.0
12,956,0.0
12,957,0.0
12,958,0.0
12,959,0.0
12,960,0.0
12,961,0.0
12,962,0.0
12,963,0.0
12,964,0.0
12,965,0.0
12,966,0.0
12,967,0.0
12,968,0.0
12,969,0.0
12,970,0.0
12,971,0.0
12,972,0.0
12,973,0.0
12,974,0.0
12,975,0.0
12,976,0.0
12,977,0.0
12,978,0.0
12,979,0.0
12,980,0.0
12,981,0.0
12,982,0.0
12,983,0.0
12,984,0.0
12,985,0.0
12,986,0.0
12,987,0.0
12,988,0.0
12,989,0.0
12,990,0.0
12,991,0.0
12,992,0.0
12,993,0.0
12,994,0.0
12,995,0.0
12,996,0.0
12,997,0.0
12,998,0.0
12,999,0.0
12,1000,0.0
12,1001,0.0
12,1002,0.0
12,1003,0.0
12,1004,0.0
12,1005,0.0
12,1006,0.0
12,1007,0.0
12,1008,0.0
12,1009,0.0
12,1010,0.0
12,1011,0.0
12,1012,0.0
12,1013,0.0
12,1014,0.0
12,1015,0.0
12,1016,0.0
12,1017,0.0
12,1018,0.0
12,1019,0.0
12,1020,0.0
12,1021,0.0
12,1022,0.0
12,1023,0.0
12,1024,0.0
12,1025,0.0
12,1026,0.0
12,1027,0.0
12,1028,0.0
12,1029,0.0
12,1030,0.0
12,1031,0.0
12,1032,0.0
12,1033,0.0
12,1034,0.0
12,1035,0.0
12,1036,0.0
12,1037,0.0
12,1038,0.0
12,1039,0.0
12,1040,0.0
12,1041,0.0
12,1042,0.0
12,1043,0.0
12,1044,0.0
12,1045,0.0
12,1046,0.0
12,1047,0.0
12,1048,0.0
12,1049,0.0
12,1050,0.0
12,1051,0.0
12,1052,0.0
12,1053,0.0
12,1054,0.0
12,1055,0.0
12,1056,0.0
12,1057,0.0
12,1058,0.0
12,1059,0.0
12,1060,0.0
12,1061,0.0
12,1062,0.0
12,1063,0.0
12,1064,0.0
12,1065,0.0
12,1066,0.0
12,1067,0.0
12,1068,0.0
12,1069,0.0
12,1070,0.0
12,1071,0.0
12,1072,0.0
12,1073,0.0
12,1074,0.0
12,1075,0.0
12,1076,0.0
12,1077,0.0
12,1078,0.0
12,1079,0.0
12,1080,0.0
12,1081,0.0
12,1082,0.0
12,1083,0.0
12,1084,0.0
12,1085,0.0
12,1086,0.0
12,1087,0.0
12,1088,0.0
12,1089,0.0
12,1090,0.0
12,1091,0.0
12,1092,0.0
12,1093,0.0
12,1094,0.0
12,1095,0.0
12,1096,0.0
12,1097,0.0
12,1098,0.0
12,1099,0.0
12,1100,0.0
12,1101,0.0
12,1102,0.0
12,1103,0.0
12,1104,0.0
12,1105,0.0
12,1106,0.0
12,1107,0.0
12,1108,0.0
12,1109,0.0
12,1110,0.0
12,1111,0.0
12,1112,0.0
12,1113,0.0
12,1114,0.0
12,1115,0.0
12,1116,0.0
12,1117,0.0
12,1118,0.0
12,1119,0.0
12,1120,0.0
12,1121,0.0
12,1122,0.0
12,1123,0.0
12,1124,0.0
12,1125,0.0
12,1126,0.0
12,1127,0.0
12,1128,0.0
12,1129,0.0
12,1130,0.0
12,1131,0.0
12,1132,0.0
12,1133,0.0
12,1134,0.0
12,1135,0.0
12,1136,0.0
12,1137,0.0
12,1138,0.0
12,1139,0.0
12,1140,0.0
12,1141,0.0
12,1142,0.0
12,1143,0.0
12,1144,0.0
12,1145,0.0
12,1146,0.0
12,1147,0.0
12,1148,0.0
12,1149,0.0
12,1150,0.0
12,1151,0.0
12,1152,0.0
12,1153,0.0
12,1154,0.0
12,1155,0.0
12,1156,0.0
12,1157,0.0
12,1158,0.0
12,1159,0.0
12,1160,0.0
12,1161,0.0
12,1162,0.0
12,1163,0.0
12,1164,0.0
12,1165,0.0
12,1166,0.0
12,1167,0.0
12,1168,0.0
12,1169,0.0
12,1170,0.0
12,1171,0.0
12,1172,0.0
12,1173,0.0
12,1174,0.0
12,1175,0.0
12,1176,0.0
12,1177,0.0
12,1178,0.0
12,1179,0.0
12,1180,0.0
12,1181,0.0
12,1182,0.0
12,1183,0.0
12,1184,0.0
12,1185,0.0
12,1186,0.0
12,1187,0.0
12,1188,0.0
12,1189,0.0
12,1190,0.0
12,1191,0.0
12,1192,0.0
12,1193,0.0
12,1194,0.0
12,1195,0.0
12,1196,0.0
12,1197,0.0
12,1198,0.0
12,1199,0.0
12,1200,0.0
12,1201,0.0
12,1202,0.0
12,1203,0.0
12,1204,0.0
12,1205,0.0
12,1206,0.0
12,1207,0.0
12,1208,0.0
12,1209,0.0
12,1210,0.0
12,1211,0.0
12,1212,0.0
12,1213,0.0
12,1214,0.0
12,1215,0.0
12,1216,0.0
12,1217,0.0
12,1218,0.0
12,1219,0.0
12,1220,0.0
12,1221,0.0
12,1222,0.0
12,1223,0.0
12,1224,0.0
12,1225,0.0
12,1226,0.0
12,1227,0.0
12,1228,0.0
12,1229,0.0
12,1230,0.0
12,1231,0.0
12,1232,0.0
12,1233,0.0
12,1234,0.0
12,1235,0.0
12,1236,0.0
12,1237,0.0
12,1238,0.0
12,1239,0.0
12,1240,0.0
12,1241,0.0
12,1242,0.0
12,1243,0.0
12,1244,0.0
12,1245,0.0
12,1246,0.0
12,1247,0.0
12,1248,0.0
12,1249,0.0
12,1250,0.0
12,1251,0.0
12,1252,0.0
12,1253,0.0
12,1254,0.0
12,1255,0.0
12,1256,0.0
12,1257,0.0
12,1258,0.0
12,1259,0.0
12,1260,0.0
12,1261,0.0
12,1262,0.0
12,1263,0.0
12,1264,0.0
12,1265,0.0
12,1266,0.0
12,1267,0.0
12,1268,0.0
12,1269,0.0
12,1270,0.0
12,1271,0.0
12,1272,0.0
12,1273,0.0
12,1274,0.0
12,1275,0.0
12,1276,0.0
12,1277,0.0
12,1278,0.0
12,1279,0.0
12,1280,0.0
12,1281,0.0
12,1282,0.0
12,1283,0.0
12,1284,0.0
12,1285,0.0
12,1286,0.0
12,1287,0.0
12,1288,0.0
12,1289,0.0
12,1290,0.0
12,1291,0.0
12,1292,0.0
12,1293,0.0
12,1294,0.0
12,1295,0.0
12,1296,0.0
12,1297,0.0
12,1298,0.0
12,1299,0.0
12,1300,0.0
12,1301,0.0
12,1302,0.0
12,1303,0.0
12,1304,0.0
12,1305,0.0
12,1306,0.0
12,1307,0.0
12,1308,0.0
12,1309,0.0
12,1310,0.0
12,1311,0.0
12,1312,0.0
12,1313,0.0
12,1314,0.0
12,1315,0.0
12,1316,0.0
12,1317,0.0
12,1318,0.0
12,1319,0.0
12,1320,0.0
12,1321,0.0
12,1322,0.0
12,1323,0.0
12,1324,0.0
12,1325,0.0
12,1326,0.0
12,1327,0.0
12,1328,0.0
12,1329,0.0
12,1330,0.0
12,1331,0.0
12,1332,0.0
12,1333,0.0
12,1334,0.0
12,1335,0.0
12,1336,0.0
12,1337,0.0
12,1338,0.0
12,1339,0.0
12,1340,0.0
12,1341,0.0
12,1342,0.0
12,1343,0.0
12,1344,0.0
12,1345,0.0
12,1346,0.0
12,1347,0.0
12,1348,0.0
12,1349,0.0
12,1350,0.0
12,1351,0.0
12,1352,0.0
12,1353,0.0
12,1354,0.0
12,1355,0.0
12,1356,0.0
12,1357,0.0
12,1358,0.0
12,1359,0.0
12,1360,0.0
12,1361,0.0
12,1362,0.0
12,1363,0.0
12,1364,0.0
12,1365,0.0
12,1366,0.0
12,1367,0.0
12,1368,0.0
12,1369,0.0
12,1370,0.0
12,1371,0.0
12,1372,0.0
12,1373,0.0
12,1374,0.0
12,1375,0.0
12,1376,0.0
12,1377,0.0
12,1378,0.0
12,1379,0.0
12,1380,0.0
12,1381,0.0
12,1382,0.0
12,1383,0.0
12,1384,0.0
12,1385,0.0
12,1386,0.0
12,1387,0.0
12,1388,0.0
12,1389,0.0
12,1390,0.0
12,1391,0.0
12,1392,0.0
12,1393,0.0
12,1394,0.0
12,1395,0.0
12,1396,0.0
12,1397,0.0
12,1398,0.0
12,1399,0.0
12,1400,0.0
12,1401,0.0
12,1402,0.0
12,1403,0.0
12,1404,0.0
12,1405,0.0
12,1406,0.0
12,1407,0.0
12,1408,0.0
12,1409,0.0
12,1410,0.0
12,1411,0.0
12,1412,0.0
12,1413,0.0
12,1414,0.0
12,1415,0.0
12,1416,0.0
12,1417,0.0
12,1418,0.0
12,1419,0.0
12,1420,0.0
12,1421,0.0
12,1422,0.0
12,1423,0.0
12,1424,0.0
12,1425,0.0
12,1426,0.0
12,1427,0.0
12,1428,0.0
12,1429,0.0
12,1430,0.0
12,1431,0.0
12,1432,0.0
12,1433,0.0
12,1434,0.0
12,1435,0.0
12,1436,0.0
12,1437,0.0
12,1438,0.0
12,1439,0.0
12,1440,0.0
12,1441,0.0
12,1442,0.0
12,1443,0.0
12,1444,0.0
12,1445,0.0
12,1446,0.0
12,1447,0.0
12,1448,0.0
12,1449,0.0
12,1450,0.0
12,1451,0.0
12,1452,0.0
12,1453,0.0
12,1454,0.0
12,1455,0.0
12,1456,0.0
12,1457,0.0
12,1458,0.0
12,1459,0.0
12,1460,0.0
12,1461,0.0
13,1,0.0
13,2,0.0
13,3,0.0
13,4,0.0
13,5,0.0
13,6,0.0
13,7,0.0
13,8,0.0
13,9,0.0
13,10,0.0
13,11,0.0
13,12,0.0
13,13,0.0
13,14,0.0
13,15,0.0
13,16,0.0
13,17,0.0
13,18,0.0
13,19,0.0
13,20,0.0
13,21,0.0
13,22,0.0
13,23,0.0
13,24,0.0
13,25,0.0
13,26,0.0
13,27,0.0
13,28,0.0
13,29,0.0
13,30,0.0
13,31,0.0
13,32,0.0
13,33,0.0
13,34,0.0
13,35,0.0
13,36,0.0
13,37,0.0
13,38,0.0
13,39,0.0
13,40,0.0
13,41,0.0
13,42,0.0
13,43,0.0
13,44,0.0
13,45,0.0
13,46,0.0
13,47,0.0
13,48,0.0
13,49,0.0
13,50,0.0
13,51,0.0
13,52,0.0
13,53,0.0
13,54,0.0
13,55,0.0
13,56,0.0
13,57,0.0
13,58,0.0
13,59,0.0
13,60,0.0
13,61,0.0
13,62,0.0
13,63,0.0
13,64,0.0
13,65,0.0
13,66,0.0
13,67,0.0
13,68,0.0
13,69,0.0
13,70,0.0
13,71,0.0
13,72,0.0
13,73,0.0
13,74,0.0
13,75,0.0
13,76,0.0
13,77,0.0
13,78,0.0
13,79,0.0
13,80,0.0
13,81,0.0
13,82,0.0
13,83,0.0
13,84,0.0
13,85,0.0
13,86,0.0
13,87,0.0
13,88,0.0
13,89,0.0
13,90,0.0
13,91,0.0
13,92,0.0
13,93,0.0
13,94,0.0
13,95,0.0
13,96,0.0
13,97,0.0
13,98,0.0
13,99,0.0
13,100,0.0
13,101,0.0
13,102,0.0
13,103,0.0
13,104,0.0
13,105,0.0
13,106,0.0
13,107,0.0
13,108,0.0
13,109,0.0
13,110,0.0
13,111,0.0
13,112,0.0
13,113,0.0
13,114,0.0
13,115,0.0
13,116,0.0
13,117,0.0
13,118,0.0
13,119,0.0
13,120,0.0
13,121,0.0
13,122,0.0
13,123,0.0
13,124,0.0
13,125,0.0
13,126,0.0
13,127,0.0
13,128,0.0
13,129,0.0
13,130,0.0
13,131,0.0
13,132,0.0
13,133,0.0
13,134,0.0
13,135,0.0
13,136,0.0
13,137,0.0
13,138,0.0
13,139,0.0
13,140,0.0
13,141,0.0
13,142,0.0
13,143,0.0
13,144,0.0
13,145,0.0
13,146,0.0
13,147,0.0
13,148,0.0
13,149,0.0
13,150,0.0
13,151,0.0
13,152,0.0
13,153,0.0
13,154,0.0
13,155,0.0
13,156,0.0
13,157,0.0
13,158,0.0
13,159,0.0
13,160,0.0
13,161,0.0
13,162,0.0
13,163,0.0
13,164,0.0
13,165,0.0
13,166,0.0
13,167,0.0
13,168,0.0
13,169,0.0
13,170,0.0
13,171,0.0
13,172,0.0
13,173,0.0
13,174,0.0
13,175,0.0
13,176,0.0
13,177,0.0
13,178,0.0
13,179,0.0
13,180,0.0
13,181,0.0
13,182,0.0
13,183,0.0
13,184,0.0
13,185,0.0
13,186,0.0
13,187,0.0
13,188,0.0
13,189,0.0
13,190,0.0
13,191,0.0
13,192,0.0
13,193,0.0
13,194,0.0
13,195,0.0
13,196,0.0
13,197,0.0
13,198,0.0
13,199,0.0
13,200,0.0
13,201,0.0
13,202,0.0
13,203,0.0
13,204,0.0
13,205,0.0
13,206,0.0
13,207,0.0
13,208,0.0
13,209,0.0
13,210,0.0
13,211,0.0
13,212,0.0
13,213,0.0
13,214,0.0
13,215,0.0
13,216,0.0
13,217,0.0
13,218,0.0
13,219,0.0
13,220,0.0
13,221,0.0
13,222,0.0
13,223,0.0
13,224,0.0
13,225,0.0
13,226,0.0
13,227,0.0
13,228,0.0
13,229,0.0
13,230,0.0
13,231,0.0
13,232,0.0
13,233,0.0
13,234,0.0
13,235,0.0
13,236,0.0
13,237,0.0
13,238,0.0
13,239,0.0
13,240,0.0
13,241,0.0
13,242,0.0
13,243,0.0
13,244,0.0
13,245,0.0
13,246,0.0
13,247,0.0
13,248,0.0
13,249,0.0
13,250,0.0
13,251,0.0
13,252,0.0
13,253,0.0
13,254,0.0
13,255,0.0
13,256,0.0
13,257,0.0
13,258,0.0
13,259,0.0
13,260,0.0
13,261,0.0
13,262,0.0
13,263,0.0
13,264,0.0
13,265,0.0
13,266,0.0
13,267,0.0
13,268,0.0
13,269,0.0
13,270,0.0
13,271,0.0
13,272,0.0
13,273,0.0
13,274,0.0
13,275,0.0
13,276,0.0
13,277,0.0
13,278,0.0
13,279,0.0
13,280,0.0
13,281,0.0
13,282,0.0
13,283,0.0
13,284,0.0
13,285,0.0
13,286,0.0
13,287,0.0
13,288,0.0
13,289,0.0
13,290,0.0
13,291,0.0
13,292,0.0
13,293,0.0
13,294,0.0
13,295,0.0
13,296,0.0
13,297,0.0
13,298,0.0
13,299,0.0
13,300,0.0
13,301,0.0
13,302,0.0
13,303,0.0
13,304,0.0
13,305,0.0
13,306,0.0
13,307,0.0
13,308,0.0
13,309,0.0
13,310,0.0
13,311,0.0
13,312,0.0
13,313,0.0
13,314,0.0
13,315,0.0
13,316,0.0
13,317,0.0
13,318,0.0
13,319,0.0
13,320,0.0
13,321,0.0
13,322,0.0
13,323,0.0
13,324,0.0
13,325,0.0
13,326,0.0
13,327,0.0
13,328,0.0
13,329,0.0
13,330,0.0
13,331,0.0
13,332,0.0
13,333,0.0
13,334,0.0
13,335,0.0
13,336,0.0
13,337,0.0
13,338,0.0
13,339,0.0
13,340,0.0
13,341,0.0
13,342,0.0
13,343,0.0
13,344,0.0
13,345,0.0
13,346,0.0
13,347,0.0
13,348,0.0
13,349,0.0
13,350,0.0
13,351,0.0
13,352,0.0
13,353,0.0
13,354,0.0
13,355,0.0
13,356,0.0
13,357,0.0
13,358,0.0
13,359,0.0
13,360,0.0
13,361,0.0
13,362,0.0
13,363,0.0
13,364,0.0
13,365,0.0
13,366,0.0
13,367,0.0
13,368,0.0
13,369,0.0
13,370,0.0
13,371,0.0
13,372,0.0
13,373,0.0
13,374,0.0
13,375,0.0
13,376,0.0
13,377,0.0
13,378,0.0
13,379,0.0
13,380,0.0
13,381,0.0
13,382,0.0
13,383,0.0
13,384,0.0
13,385,0.0
13,386,0.0
13,387,0.0
13,388,0.0
13,389,0.0
13,390,0.0
13,391,0.0
13,392,0.0
13,393,0.0
13,394,0.0
13,395,0.0
13,396,0.0
13,397,0.0
13,398,0.0
13,399,0.0
13,400,0.0
13,401,0.0
13,402,0.0
13,403,0.0
13,404,0.0
13,405,0.0
13,406,0.0
13,407,0.0
13,408,0.0
13,409,0.0
13,410,0.0
13,411,0.0
13,412,0.0
13,413,0.0
13,414,0.0
13,415,0.0
13,416,0.0
13,417,0.0
13,418,0.0
13,419,0.0
13,420,0.0
13,421,0.0
13,422,0.0
13,423,0.0
13,424,0.0
13,425,0.0
13,426,0.0
13,427,0.0
13,428,0.0
13,429,0.0
13,430,0.0
13,431,0.0
13,432,0.0
13,433,0.0
13,434,0.0
13,435,0.0
13,436,0.0
13,437,0.0
13,438,0.0
13,439,0.0
13,440,0.0
13,441,0.0
13,442,0.0
13,443,0.0
13,444,0.0
13,445,0.0
13,446,0.0
13,447,0.0
13,448,0.0
13,449,0.0
13,450,0.0
13,451,0.0
13,452,0.0
13,453,0.0
13,454,0.0
13,455,0.0
13,456,0.0
13,457,0.0
13,458,0.0
13,459,0.0
13,460,0.0
13,461,0.0
13,462,0.0
13,463,0.0
13,464,0.0
13,465,0.0
13,466,0.0
13,467,0.0
13,468,0.0
13,469,0.0
13,470,0.0
13,471,0.0
13,472,0.0
13,473,0.0
13,474,0.0
13,475,0.0
13,476,0.0
13,477,0.0
13,478,0.0
13,479,0.0
13,480,0.0
13,481,0.0
13,482,0.0
13,483,0.0
13,484,0.0
13,485,0.0
13,486,0.0
13,487,0.0
13,488,0.0
13,489,0.0
13,490,0.0
13,491,0.0
13,492,0.0
13,493,0.0
13,494,0.0
13,495,0.0
13,496,0.0
13,497,0.0
13,498,0.0
13,499,0.0
13,500,0.0
13,501,0.0
13,502,0.0
13,503,0.0
13,504,0.0
13,505,0.0
13,506,0.0
13,507,0.0
13,508,0.0
13,509,0.0
13,510,0.0
13,511,0.0
13,512,0.0
13,513,0.0
13,514,0.0
13,515,0.0
13,516,0.0
13,517,0.0
13,518,0.0
13,519,0.0
13,520,0.0
13,521,0.0
13,522,0.0
13,523,0.0
13,524,0.0
13,525,0.0
13,526,0.0
13,527,0.0
13,528,0.0
13,529,0.0
13,530,0.0
13,531,0.0
13,532,0.0
13,533,0.0
13,534,0.0
13,535,0.0
13,536,0.0
13,537,0.0
13,538,0.0
13,539,0.0
13,540,0.0
13,541,0.0
13,542,0.0
13,543,0.0
13,544,0.0
13,545,0.0
13,546,0.0
13,547,0.0
13,548,0.0
13,549,0.0
13,550,0.0
13,551,0.0
13,552,0.0
13,553,0.0
13,554,0.0
13,555,0.0
13,556,0.0
13,557,0.0
13,558,0.0
13,559,0.0
13,560,0.0
13,561,0.0
13,562,0.0
13,563,0.0
13,564,0.0
13,565,0.0
13,566,0.0
13,567,0.0
13,568,0.0
13,569,0.0
13,570,0.0
13,571,0.0
13,572,0.0
13,573,0.0
13,574,0.0
13,575,0.0
13,576,0.0
13,577,0.0
13,578,0.0
13,579,0.0
13,580,0.0
13,581,0.0
13,582,0.0
13,583,0.0
13,584,0.0
13,585,0.0
13,586,0.0
13,587,0.0
13,588,0.0
13,589,0.0
13,590,0.0
13,591,0.0
13,592,0.0
13,593,0.0
13,594,0.0
13,595,0.0
13,596,0.0
13,597,0.0
13,598,0.0
13,599,0.0
13,600,0.0
13,601,0.0
13,602,0.0
13,603,0.0
13,604,0.0
13,605,0.0
13,606,0.0
13,607,0.0
13,608,0.0
13,609,0.0
13,610,0.0
13,611,0.0
13,612,0.0
13,613,0.0
13,614,0.0
13,615,0.0
13,616,0.0
13,617,0.0
13,618,0.0
13,619,0.0
13,620,0.0
13,621,0.0
13,622,0.0
13,623,0.0
13,624,0.0
13,625,0.0
13,626,0.0
13,627,0.0
13,628,0.0
13,629,0.0
13,630,0.0
13,631,0.0
13,632,0.0
13,633,0.0
13,634,0.0
13,635,0.0
13,636,0.0
13,637,0.0
13,638,0.0
13,639,0.0
13,640,0.0
13,641,0.0
13,642,0.0
13,643,0.0
13,644,0.0
13,645,0.0
13,646,0.0
13,647,0.0
13,648,0.0
13,649,0.0
13,650,0.0
13,651,0.0
13,652,0.0
13,653,0.0
13,654,0.0
13,655,0.0
13,656,0.0
13,657,0.0
13,658,0.0
13,659,0.0
13,660,0.0
13,661,0.0
13,662,0.0
13,663,0.0
13,664,0.0
13,665,0.0
13,666,0.0
13,667,0.0
13,668,0.0
13,669,0.0
13,670,0.0
13,671,0.0
13,672,0.0
13,673,0.0
13,674,0.0
13,675,0.0
13,676,0.0
13,677,0.0
13,678,0.0
13,679,0.0
13,680,0.0
13,681,0.0
13,682,0.0
13,683,0.0
13,684,0.0
13,685,0.0
13,686,0.0
13,687,0.0
13,688,0.0
13,689,0.0
13,690,0.0
13,691,0.0
13,692,0.0
13,693,0.0
13,694,0.0
13,695,0.0
13,696,0.0
13,697,0.0
13,698,0.0
13,699,0.0
13,700,0.0
13,701,0.0
13,702,0.0
13,703,0.0
13,704,0.0
13,705,0.0
13,706,0.0
13,707,0.0
13,708,0.0
13,709,0.0
13,710,0.0
13,711,0.0
13,712,0.0
13,713,0.0
13,714,0.0
13,715,0.0
13,716,0.0
13,717,0.0
13,718,0.0
13,719,0.0
13,720,0.0
13,721,0.0
13,722,0.0
13,723,0.0
13,724,0.0
13,725,0.0
13,726,0.0
13,727,0.0
13,728,0.0
13,729,0.0
13,730,0.0
13,731,0.0
13,732,0.0
13,733,0.0
13,734,0.0
13,735,0.0
13,736,0.0
13,737,0.0
13,738,0.0
13,739,0.0
13,740,0.0
13,741,0.0
13,742,0.0
13,743,0.0
13,744,0.0
13,745,0.0
13,746,0.0
13,747,0.0
13,748,0.0
13,749,0.0
13,750,0.0
13,751,0.0
13,752,0.0
13,753,0.0
13,754,0.0
13,755,0.0
13,756,0.0
13,757,0.0
13,758,0.0
13,759,0.0
13,760,0.0
13,761,0.0
13,762,0.0
13,763,0.0
13,764,0.0
13,765,0.0
13,766,0.0
13,767,0.0
13,768,0.0
13,769,0.0
13,770,0.0
13,771,0.0
13,772,0.0
13,773,0.0
13,774,0.0
13,775,0.0
13,776,0.0
13,777,0.0
13,778,0.0
13,779,0.0
13,780,0.0
13,781,0.0
13,782,0.0
13,783,0.0
13,784,0.0
13,785,0.0
13,786,0.0
13,787,0.0
13,788,0.0
13,789,0.0
13,790,0.0
13,791,0.0
13,792,0.0
13,793,0.0
13,794,0.0
13,795,0.0
13,796,0.0
13,797,0.0
13,798,0.0
13,799,0.0
13,800,0.0
13,801,0.0
13,802,0.0
13,803,0.0
13,804,0.0
13,805,0.0
13,806,0.0
13,807,0.0
13,808,0.0
13,809,0.0
13,810,0.0
13,811,0.0
13,812,0.0
13,813,0.0
13,814,0.0
13,815,0.0
13,816,0.0
13,817,0.0
13,818,0.0
13,819,0.0
13,820,0.0
13,821,0.0
13,822,0.0
13,823,0.0
13,824,0.0
13,825,0.0
13,826,0.0
13,827,0.0
13,828,0.0
13,829,0.0
13,830,0.0
13,831,0.0
13,832,0.0
13,833,0.0
13,834,0.0
13,835,0.0
13,836,0.0
13,837,0.0
13,838,0.0
13,839,0.0
13,840,0.0
13,841,0.0
13,842,0.0
13,843,0.0
13,844,0.0
13,845,0.0
13,846,0.0
13,847,0.0
13,848,0.0
13,849,0.0
13,850,0.0
13,851,0.0
13,852,0.0
13,853,0.0
13,854,0.0
13,855,0.0
13,856,0.0
13,857,0.0
13,858,0.0
13,859,0.0
13,860,0.0
13,861,0.0
13,862,0.0
13,863,0.0
13,864,0.0
13,865,0.0
13,866,0.0
13,867,0.0
13,868,0.0
13,869,0.0
13,870,0.0
13,871,0.0
13,872,0.0
13,873,0.0
13,874,0.0
13,875,0.0
13,876,0.0
13,877,0.0
13,878,0.0
13,879,0.0
13,880,0.0
13,881,0.0
13,882,0.0
13,883,0.0
13,884,0.0
13,885,0.0
13,886,0.0
13,887,0.0
13,888,0.0
13,889,0.0
13,890,0.0
13,891,0.0
13,892,0.0
13,893,0.0
13,894,0.0
13,895,0.0
13,896,0.0
13,897,0.0
13,898,0.0
13,899,0.0
13,900,0.0
13,901,0.0
13,902,0.0
13,903,0.0
13,904,0.0
13,905,0.0
13,906,0.0
13,907,0.0
13,908,0.0
13,909,0.0
13,910,0.0
13,911,0.0
13,912,0.0
13,913,0.0
13,914,0.0
13,915,0.0
13,916,0.0
13,917,0.0
13,918,0.0
13,919,0.0
13,920,0.0
13,921,0.0
13,922,0.0
13,923,0.0
13,924,0.0
13,925,0.0
13,926,0.0
13,927,0.0
13,928,0.0
13,929,0.0
13,930,0.0
13,931,0.0
13,932,0.0
13,933,0.0
13,934,0.0
13,935,0.0
13,936,0.0
13,937,0.0
13,938,0.0
13,939,0.0
13,940,0.0
13,941,0.0
13,942,0.0
13,943,0.0
13,944,0.0
13,945,0.0
13,946,0.0
13,947,0.0
13,948,0.0
13,949,0.0
13,950,0.0
13,951,0.0
13,952,0.0
13,953,0.0
13,954,0.0
13,955,0.0
13,956,0.0
13,957,0.0
13,958,0.0
13,959,0.0
13,960,0.0
13,961,0.0
13,962,0.0
13,963,0.0
13,964,0.0
13,965,0.0
13,966,0.0
13,967,0.0
13,968,0.0
13,969,0.0
13,970,0.0
13,971,0.0
13,972,0.0
13,973,0.0
13,974,0.0
13,975,0.0
13,976,0.0
13,977,0.0
13,978,0.0
13,979,0.0
13,980,0.0
13,981,0.0
13,982,0.0
13,983,0.0
13,984,0.0
13,985,0.0
13,986,0.0
13,987,0.0
13,988,0.0
13,989,0.0
13,990,0.0
13,991,0.0
13,992,0.0
13,993,0.0
13,994,0.0
13,995,0.0
13,996,0.0
13,997,0.0
13,998,0.0
13,999,0.0
13,1000,0.0
13,1001,0.0
13,1002,0.0
13,1003,0.0
13,1004,0.0
13,1005,0.0
13,1006,0.0
13,1007,0.0
13,1008,0.0
13,1009,0.0
13,1010,0.0
13,1011,0.0
13,1012,0.0
13,1013,0.0
13,1014,0.0
13,1015,0.0
13,1016,0.0
13,1017,0.0
13,1018,0.0
13,1019,0.0
13,1020,0.0
13,1021,0.0
13,1022,0.0
13,1023,0.0
13,1024,0.0
13,1025,0.0
13,1026,0.0
13,1027,0.0
13,1028,0.0
13,1029,0.0
13,1030,0.0
13,1031,0.0
13,1032,0.0
13,1033,0.0
13,1034,0.0
13,1035,0.0
13,1036,0.0
13,1037,0.0
13,1038,0.0
13,1039,0.0
13,1040,0.0
13,1041,0.0
13,1042,0.0
13,1043,0.0
13,1044,0.0
13,1045,0.0
13,1046,0.0
13,1047,0.0
13,1048,0.0
13,1049,0.0
13,1050,0.0
13,1051,0.0
13,1052,0.0
13,1053,0.0
13,1054,0.0
13,1055,0.0
13,1056,0.0
13,1057,0.0
13,1058,0.0
13,1059,0.0
13,1060,0.0
13,1061,0.0
13,1062,0.0
13,1063,0.0
13,1064,0.0
13,1065,0.0
13,1066,0.0
13,1067,0.0
13,1068,0.0
13,1069,0.0
13,1070,0.0
13,1071,0.0
13,1072,0.0
13,1073,0.0
13,1074,0.0
13,1075,0.0
13,1076,0.0
13,1077,0.0
13,1078,0.0
13,1079,0.0
13,1080,0.0
13,1081,0.0
13,1082,0.0
13,1083,0.0
13,1084,0.0
13,1085,0.0
13,1086,0.0
13,1087,0.0
13,1088,0.0
13,1089,0.0
13,1090,0.0
13,1091,0.0
13,1092,0.0
13,1093,0.0
13,1094,0.0
13,1095,0.0
13,1096,0.0
13,1097,0.0
13,1098,0.0
13,1099,0.0
13,1100,0.0
13,1101,0.0
13,1102,0.0
13,1103,0.0
13,1104,0.0
13,1105,0.0
13,1106,0.0
13,1107,0.0
13,1108,0.0
13,1109,0.0
13,1110,0.0
13,1111,0.0
13,1112,0.0
13,1113,0.0
13,1114,0.0
13,1115,0.0
13,1116,0.0
13,1117,0.0
13,1118,0.0
13,1119,0.0
13,1120,0.0
13,1121,0.0
13,1122,0.0
13,1123,0.0
13,1124,0.0
13,1125,0.0
13,1126,0.0
13,1127,0.0
13,1128,0.0
13,1129,0.0
13,1130,0.0
13,1131,0.0
13,1132,0.0
13,1133,0.0
13,1134,0.0
13,1135,0.0
13,1136,0.0
13,1137,0.0
13,1138,0.0
13,1139,0.0
13,1140,0.0
13,1141,0.0
13,1142,0.0
13,1143,0.0
13,1144,0.0
13,1145,0.0
13,1146,0.0
13,1147,0.0
13,1148,0.0
13,1149,0.0
13,1150,0.0
13,1151,0.0
13,1152,0.0
13,1153,0.0
13,1154,0.0
13,1155,0.0
13,1156,0.0
13,1157,0.0
13,1158,0.0
13,1159,0.0
13,1160,0.0
13,1161,0.0
13,1162,0.0
13,1163,0.0
13,1164,0.0
13,1165,0.0
13,1166,0.0
13,1167,0.0
13,1168,0.0
13,1169,0.0
13,1170,0.0
13,1171,0.0
13,1172,0.0
13,1173,0.0
13,1174,0.0
13,1175,0.0
13,1176,0.0
13,1177,0.0
13,1178,0.0
13,1179,0.0
13,1180,0.0
13,1181,0.0
13,1182,0.0
13,1183,0.0
13,1184,0.0
13,1185,0.0
13,1186,0.0
13,1187,0.0
13,1188,0.0
13,1189,0.0
13,1190,0.0
13,1191,0.0
13,1192,0.0
13,1193,0.0
13,1194,0.0
13,1195,0.0
13,1196,0.0
13,1197,0.0
13,1198,0.0
13,1199,0.0
13,1200,0.0
13,1201,0.0
13,1202,0.0
13,1203,0.0
13,1204,0.0
13,1205,0.0
13,1206,0.0
13,1207,0.0
13,1208,0.0
13,1209,0.0
13,1210,0.0
13,1211,0.0
13,1212,0.0
13,1213,0.0
13,1214,0.0
13,1215,0.0
13,1216,0.0
13,1217,0.0
13,1218,0.0
13,1219,0.0
13,1220,0.0
13,1221,0.0
13,1222,0.0
13,1223,0.0
13,1224,0.0
13,1225,0.0
13,1226,0.0
13,1227,0.0
13,1228,0.0
13,1229,0.0
13,1230,0.0
13,1231,0.0
13,1232,0.0
13,1233,0.0
13,1234,0.0
13,1235,0.0
13,1236,0.0
13,1237,0.0
13,1238,0.0
13,1239,0.0
13,1240,0.0
13,1241,0.0
13,1242,0.0
13,1243,0.0
13,1244,0.0
13,1245,0.0
13,1246,0.0
13,1247,0.0
13,1248,0.0
13,1249,0.0
13,1250,0.0
13,1251,0.0
13,1252,0.0
13,1253,0.0
13,1254,0.0
13,1255,0.0
13,1256,0.0
13,1257,0.0
13,1258,0.0
13,1259,0.0
13,1260,0.0
13,1261,0.0
13,1262,0.0
13,1263,0.0
13,1264,0.0
13,1265,0.0
13,1266,0.0
13,1267,0.0
13,1268,0.0
13,1269,0.0
13,1270,0.0
13,1271,0.0
13,1272,0.0
13,1273,0.0
13,1274,0.0
13,1275,0.0
13,1276,0.0
13,1277,0.0
13,1278,0.0
13,1279,0.0
13,1280,0.0
13,1281,0.0
13,1282,0.0
13,1283,0.0
13,1284,0.0
13,1285,0.0
13,1286,0.0
13,1287,0.0
13,1288,0.0
13,1289,0.0
13,1290,0.0
13,1291,0.0
13,1292,0.0
13,1293,0.0
13,1294,0.0
13,1295,0.0
13,1296,0.0
13,1297,0.0
13,1298,0.0
13,1299,0.0
13,1300,0.0
13,1301,0.0
13,1302,0.0
13,1303,0.0
13,1304,0.0
13,1305,0.0
13,1306,0.0
13,1307,0.0
13,1308,0.0
13,1309,0.0
13,1310,0.0
13,1311,0.0
13,1312,0.0
13,1313,0.0
13,1314,0.0
13,1315,0.0
13,1316,0.0
13,1317,0.0
13,1318,0.0
13,1319,0.0
13,1320,0.0
13,1321,0.0
13,1322,0.0
13,1323,0.0
13,1324,0.0
13,1325,0.0
13,1326,0.0
13,1327,0.0
13,1328,0.0
13,1329,0.0
13,1330,0.0
13,1331,0.0
13,1332,0.0
13,1333,0.0
13,1334,0.0
13,1335,0.0
13,1336,0.0
13,1337,0.0
13,1338,0.0
13,1339,0.0
13,1340,0.0
13,1341,0.0
13,1342,0.0
13,1343,0.0
13,1344,0.0
13,1345,0.0
13,1346,0.0
13,1347,0.0
13,1348,0.0
13,1349,0.0
13,1350,0.0
13,1351,0.0
13,1352,0.0
13,1353,0.0
13,1354,0.0
13,1355,0.0
13,1356,0.0
13,1357,0.0
13,1358,0.0
13,1359,0.0
13,1360,0.0
13,1361,0.0
13,1362,0.0
13,1363,0.0
13,1364,0.0
13,1365,0.0
13,1366,0.0
13,1367,0.0
13,1368,0.0
13,1369,0.0
13,1370,0.0
13,1371,0.0
13,1372,0.0
13,1373,0.0
13,1374,0.0
13,1375,0.0
13,1376,0.0
13,1377,0.0
13,1378,0.0
13,1379,0.0
13,1380,0.0
13,1381,0.0
13,1382,0.0
13,1383,0.0
13,1384,0.0
13,1385,0.0
13,1386,0.0
13,1387,0.0
13,1388,0.0
13,1389,0.0
13,1390,0.0
13,1391,0.0
13,1392,0.0
13,1393,0.0
13,1394,0.0
13,1395,0.0
13,1396,0.0
13,1397,0.0
13,1398,0.0
13,1399,0.0
13,1400,0.0
13,1401,0.0
13,1402,0.0
13,1403,0.0
13,1404,0.0
13,1405,0.0
13,1406,0.0
13,1407,0.0
13,1408,0.0
13,1409,0.0
13,1410,0.0
13,1411,0.0
13,1412,0.0
13,1413,0.0
13,1414,0.0
13,1415,0.0
13,1416,0.0
13,1417,0.0
13,1418,0.0
13,1419,0.0
13,1420,0.0
13,1421,0.0
13,1422,0.0
13,1423,0.0
13,1424,0.0
13,1425,0.0
13,1426,0.0
13,1427,0.0
13,1428,0.0
13,1429,0.0
13,1430,0.0
13,1431,0.0
13,1432,0.0
13,1433,0.0
13,1434,0.0
13,1435,0.0
13,1436,0.0
13,1437,0.0
13,1438,0.0
13,1439,0.0
13,1440,0.0
13,1441,0.0
13,1442,0.0
13,1443,0.0
13,1444,0.0
13,1445,0.0
13,1446,0.0
13,1447,0.0
13,1448,0.0
13,1449,0.0
13,1450,0.0
13,1451,0.0
13,1452,0.0
13,1453,0.0
13,1454,0.0
13,1455,0.0
13,1456,0.0
13,1457,0.0
13,1458,0.0
13,1459,0.0
13,1460,0.0
13,1461,0.0
